t
t
t
t
[
  {
    "Plan": {
      "Node Type": "WindowAgg",
      "Parallel Aware": false,
      "Async Capable": false,
      "Startup Cost": 248765.74,
      "Total Cost": 249294.21,
      "Plan Rows": 5285,
      "Plan Width": 164,
      "Actual Rows": 2382,
      "Actual Loops": 1,
      "Shared Hit Blocks": 28846,
      "Shared Read Blocks": 0,
      "Shared Dirtied Blocks": 0,
      "Shared Written Blocks": 0,
      "Local Hit Blocks": 0,
      "Local Read Blocks": 0,
      "Local Dirtied Blocks": 0,
      "Local Written Blocks": 0,
      "Temp Read Blocks": 632,
      "Temp Written Blocks": 316,
      "Plans": [
        {
          "Node Type": "Result",
          "Parent Relationship": "InitPlan",
          "Subplan Name": "CTE reference_now",
          "Parallel Aware": false,
          "Async Capable": false,
          "Startup Cost": 0.00,
          "Total Cost": 0.26,
          "Plan Rows": 1,
          "Plan Width": 8,
          "Actual Rows": 1,
          "Actual Loops": 1,
          "Shared Hit Blocks": 0,
          "Shared Read Blocks": 0,
          "Shared Dirtied Blocks": 0,
          "Shared Written Blocks": 0,
          "Local Hit Blocks": 0,
          "Local Read Blocks": 0,
          "Local Dirtied Blocks": 0,
          "Local Written Blocks": 0,
          "Temp Read Blocks": 0,
          "Temp Written Blocks": 0
        },
        {
          "Node Type": "Nested Loop",
          "Parent Relationship": "InitPlan",
          "Subplan Name": "CTE filter_values",
          "Parallel Aware": false,
          "Async Capable": false,
          "Join Type": "Inner",
          "Startup Cost": 0.54,
          "Total Cost": 1.08,
          "Plan Rows": 1,
          "Plan Width": 364,
          "Actual Rows": 1,
          "Actual Loops": 1,
          "Inner Unique": false,
          "Shared Hit Blocks": 6,
          "Shared Read Blocks": 0,
          "Shared Dirtied Blocks": 0,
          "Shared Written Blocks": 0,
          "Local Hit Blocks": 0,
          "Local Read Blocks": 0,
          "Local Dirtied Blocks": 0,
          "Local Written Blocks": 0,
          "Temp Read Blocks": 0,
          "Temp Written Blocks": 0,
          "Plans": [
            {
              "Node Type": "Unique",
              "Parent Relationship": "InitPlan",
              "Subplan Name": "InitPlan 2",
              "Parallel Aware": false,
              "Async Capable": false,
              "Startup Cost": 0.03,
              "Total Cost": 0.04,
              "Plan Rows": 1,
              "Plan Width": 32,
              "Actual Rows": 1,
              "Actual Loops": 1,
              "Shared Hit Blocks": 0,
              "Shared Read Blocks": 0,
              "Shared Dirtied Blocks": 0,
              "Shared Written Blocks": 0,
              "Local Hit Blocks": 0,
              "Local Read Blocks": 0,
              "Local Dirtied Blocks": 0,
              "Local Written Blocks": 0,
              "Temp Read Blocks": 0,
              "Temp Written Blocks": 0,
              "Plans": [
                {
                  "Node Type": "Sort",
                  "Parent Relationship": "Outer",
                  "Parallel Aware": false,
                  "Async Capable": false,
                  "Startup Cost": 0.03,
                  "Total Cost": 0.04,
                  "Plan Rows": 1,
                  "Plan Width": 32,
                  "Actual Rows": 1,
                  "Actual Loops": 1,
                  "Sort Key": ["(TRIM(BOTH FROM requested.mode))"],
                  "Sort Method": "quicksort",
                  "Sort Space Used": 25,
                  "Sort Space Type": "Memory",
                  "Shared Hit Blocks": 0,
                  "Shared Read Blocks": 0,
                  "Shared Dirtied Blocks": 0,
                  "Shared Written Blocks": 0,
                  "Local Hit Blocks": 0,
                  "Local Read Blocks": 0,
                  "Local Dirtied Blocks": 0,
                  "Local Written Blocks": 0,
                  "Temp Read Blocks": 0,
                  "Temp Written Blocks": 0,
                  "Plans": [
                    {
                      "Node Type": "Function Scan",
                      "Parent Relationship": "Outer",
                      "Parallel Aware": false,
                      "Async Capable": false,
                      "Function Name": "unnest",
                      "Alias": "requested",
                      "Startup Cost": 0.00,
                      "Total Cost": 0.02,
                      "Plan Rows": 1,
                      "Plan Width": 32,
                      "Actual Rows": 1,
                      "Actual Loops": 1,
                      "Filter": "(TRIM(BOTH FROM mode) <> ''::text)",
                      "Rows Removed by Filter": 0,
                      "Shared Hit Blocks": 0,
                      "Shared Read Blocks": 0,
                      "Shared Dirtied Blocks": 0,
                      "Shared Written Blocks": 0,
                      "Local Hit Blocks": 0,
                      "Local Read Blocks": 0,
                      "Local Dirtied Blocks": 0,
                      "Local Written Blocks": 0,
                      "Temp Read Blocks": 0,
                      "Temp Written Blocks": 0
                    }
                  ]
                }
              ]
            },
            {
              "Node Type": "CTE Scan",
              "Parent Relationship": "Outer",
              "Parallel Aware": false,
              "Async Capable": false,
              "CTE Name": "reference_now",
              "Alias": "reference_now",
              "Startup Cost": 0.00,
              "Total Cost": 0.02,
              "Plan Rows": 1,
              "Plan Width": 8,
              "Actual Rows": 1,
              "Actual Loops": 1,
              "Shared Hit Blocks": 0,
              "Shared Read Blocks": 0,
              "Shared Dirtied Blocks": 0,
              "Shared Written Blocks": 0,
              "Local Hit Blocks": 0,
              "Local Read Blocks": 0,
              "Local Dirtied Blocks": 0,
              "Local Written Blocks": 0,
              "Temp Read Blocks": 0,
              "Temp Written Blocks": 0
            },
            {
              "Node Type": "Function Scan",
              "Parent Relationship": "Inner",
              "Parallel Aware": false,
              "Async Capable": false,
              "Function Name": "training_study_day_bounds_v1",
              "Alias": "bounds",
              "Startup Cost": 0.50,
              "Total Cost": 0.51,
              "Plan Rows": 1,
              "Plan Width": 16,
              "Actual Rows": 1,
              "Actual Loops": 1,
              "Shared Hit Blocks": 5,
              "Shared Read Blocks": 0,
              "Shared Dirtied Blocks": 0,
              "Shared Written Blocks": 0,
              "Local Hit Blocks": 0,
              "Local Read Blocks": 0,
              "Local Dirtied Blocks": 0,
              "Local Written Blocks": 0,
              "Temp Read Blocks": 0,
              "Temp Written Blocks": 0
            }
          ]
        },
        {
          "Node Type": "Nested Loop",
          "Parent Relationship": "InitPlan",
          "Subplan Name": "CTE mode_order",
          "Parallel Aware": false,
          "Async Capable": false,
          "Join Type": "Inner",
          "Startup Cost": 0.00,
          "Total Cost": 0.25,
          "Plan Rows": 10,
          "Plan Width": 40,
          "Actual Rows": 1,
          "Actual Loops": 1,
          "Inner Unique": false,
          "Shared Hit Blocks": 0,
          "Shared Read Blocks": 0,
          "Shared Dirtied Blocks": 0,
          "Shared Written Blocks": 0,
          "Local Hit Blocks": 0,
          "Local Read Blocks": 0,
          "Local Dirtied Blocks": 0,
          "Local Written Blocks": 0,
          "Temp Read Blocks": 0,
          "Temp Written Blocks": 0,
          "Plans": [
            {
              "Node Type": "CTE Scan",
              "Parent Relationship": "Outer",
              "Parallel Aware": false,
              "Async Capable": false,
              "CTE Name": "filter_values",
              "Alias": "filter_values",
              "Startup Cost": 0.00,
              "Total Cost": 0.02,
              "Plan Rows": 1,
              "Plan Width": 32,
              "Actual Rows": 1,
              "Actual Loops": 1,
              "Shared Hit Blocks": 0,
              "Shared Read Blocks": 0,
              "Shared Dirtied Blocks": 0,
              "Shared Written Blocks": 0,
              "Local Hit Blocks": 0,
              "Local Read Blocks": 0,
              "Local Dirtied Blocks": 0,
              "Local Written Blocks": 0,
              "Temp Read Blocks": 0,
              "Temp Written Blocks": 0
            },
            {
              "Node Type": "Function Scan",
              "Parent Relationship": "Inner",
              "Parallel Aware": false,
              "Async Capable": false,
              "Function Name": "unnest",
              "Alias": "requested_mode",
              "Startup Cost": 0.00,
              "Total Cost": 0.10,
              "Plan Rows": 10,
              "Plan Width": 32,
              "Actual Rows": 1,
              "Actual Loops": 1,
              "Shared Hit Blocks": 0,
              "Shared Read Blocks": 0,
              "Shared Dirtied Blocks": 0,
              "Shared Written Blocks": 0,
              "Local Hit Blocks": 0,
              "Local Read Blocks": 0,
              "Local Dirtied Blocks": 0,
              "Local Written Blocks": 0,
              "Temp Read Blocks": 0,
              "Temp Written Blocks": 0
            }
          ]
        },
        {
          "Node Type": "Nested Loop",
          "Parent Relationship": "InitPlan",
          "Subplan Name": "CTE limits",
          "Parallel Aware": false,
          "Async Capable": false,
          "Join Type": "Left",
          "Startup Cost": 0.00,
          "Total Cost": 1.24,
          "Plan Rows": 1,
          "Plan Width": 16,
          "Actual Rows": 1,
          "Actual Loops": 1,
          "Inner Unique": false,
          "Shared Hit Blocks": 1,
          "Shared Read Blocks": 0,
          "Shared Dirtied Blocks": 0,
          "Shared Written Blocks": 0,
          "Local Hit Blocks": 0,
          "Local Read Blocks": 0,
          "Local Dirtied Blocks": 0,
          "Local Written Blocks": 0,
          "Temp Read Blocks": 0,
          "Temp Written Blocks": 0,
          "Plans": [
            {
              "Node Type": "Result",
              "Parent Relationship": "Outer",
              "Parallel Aware": false,
              "Async Capable": false,
              "Startup Cost": 0.00,
              "Total Cost": 0.01,
              "Plan Rows": 1,
              "Plan Width": 0,
              "Actual Rows": 1,
              "Actual Loops": 1,
              "Shared Hit Blocks": 0,
              "Shared Read Blocks": 0,
              "Shared Dirtied Blocks": 0,
              "Shared Written Blocks": 0,
              "Local Hit Blocks": 0,
              "Local Read Blocks": 0,
              "Local Dirtied Blocks": 0,
              "Local Written Blocks": 0,
              "Temp Read Blocks": 0,
              "Temp Written Blocks": 0
            },
            {
              "Node Type": "Seq Scan",
              "Parent Relationship": "Inner",
              "Parallel Aware": false,
              "Async Capable": false,
              "Relation Name": "user_settings",
              "Alias": "settings",
              "Startup Cost": 0.00,
              "Total Cost": 1.22,
              "Plan Rows": 1,
              "Plan Width": 8,
              "Actual Rows": 1,
              "Actual Loops": 1,
              "Filter": "(user_id = (current_setting('lat.qa'::text))::uuid)",
              "Rows Removed by Filter": 10,
              "Shared Hit Blocks": 1,
              "Shared Read Blocks": 0,
              "Shared Dirtied Blocks": 0,
              "Shared Written Blocks": 0,
              "Local Hit Blocks": 0,
              "Local Read Blocks": 0,
              "Local Dirtied Blocks": 0,
              "Local Written Blocks": 0,
              "Temp Read Blocks": 0,
              "Temp Written Blocks": 0
            }
          ]
        },
        {
          "Node Type": "Aggregate",
          "Strategy": "Plain",
          "Partial Mode": "Simple",
          "Parent Relationship": "InitPlan",
          "Subplan Name": "CTE daily",
          "Parallel Aware": false,
          "Async Capable": false,
          "Startup Cost": 2.58,
          "Total Cost": 2.59,
          "Plan Rows": 1,
          "Plan Width": 16,
          "Actual Rows": 1,
          "Actual Loops": 1,
          "Shared Hit Blocks": 59,
          "Shared Read Blocks": 0,
          "Shared Dirtied Blocks": 0,
          "Shared Written Blocks": 0,
          "Local Hit Blocks": 0,
          "Local Read Blocks": 0,
          "Local Dirtied Blocks": 0,
          "Local Written Blocks": 0,
          "Temp Read Blocks": 0,
          "Temp Written Blocks": 0,
          "Plans": [
            {
              "Node Type": "Sort",
              "Parent Relationship": "Outer",
              "Parallel Aware": false,
              "Async Capable": false,
              "Startup Cost": 2.56,
              "Total Cost": 2.57,
              "Plan Rows": 1,
              "Plan Width": 22,
              "Actual Rows": 91,
              "Actual Loops": 1,
              "Sort Key": ["log.word_id"],
              "Sort Method": "quicksort",
              "Sort Space Used": 28,
              "Sort Space Type": "Memory",
              "Shared Hit Blocks": 59,
              "Shared Read Blocks": 0,
              "Shared Dirtied Blocks": 0,
              "Shared Written Blocks": 0,
              "Local Hit Blocks": 0,
              "Local Read Blocks": 0,
              "Local Dirtied Blocks": 0,
              "Local Written Blocks": 0,
              "Temp Read Blocks": 0,
              "Temp Written Blocks": 0,
              "Plans": [
                {
                  "Node Type": "Nested Loop",
                  "Parent Relationship": "Outer",
                  "Parallel Aware": false,
                  "Async Capable": false,
                  "Join Type": "Inner",
                  "Startup Cost": 0.29,
                  "Total Cost": 2.55,
                  "Plan Rows": 1,
                  "Plan Width": 22,
                  "Actual Rows": 91,
                  "Actual Loops": 1,
                  "Inner Unique": false,
                  "Join Filter": "((log.reviewed_at >= filter_values_1.study_day_start) AND (log.reviewed_at < filter_values_1.study_day_end) AND (log.mode = ANY (filter_values_1.modes)))",
                  "Rows Removed by Join Filter": 93,
                  "Shared Hit Blocks": 59,
                  "Shared Read Blocks": 0,
                  "Shared Dirtied Blocks": 0,
                  "Shared Written Blocks": 0,
                  "Local Hit Blocks": 0,
                  "Local Read Blocks": 0,
                  "Local Dirtied Blocks": 0,
                  "Local Written Blocks": 0,
                  "Temp Read Blocks": 0,
                  "Temp Written Blocks": 0,
                  "Plans": [
                    {
                      "Node Type": "Index Scan",
                      "Parent Relationship": "Outer",
                      "Parallel Aware": false,
                      "Async Capable": false,
                      "Scan Direction": "Forward",
                      "Index Name": "user_review_log_user_idx",
                      "Relation Name": "user_review_log",
                      "Alias": "log",
                      "Startup Cost": 0.29,
                      "Total Cost": 2.51,
                      "Plan Rows": 1,
                      "Plan Width": 49,
                      "Actual Rows": 184,
                      "Actual Loops": 1,
                      "Index Cond": "(user_id = (current_setting('lat.qa'::text))::uuid)",
                      "Rows Removed by Index Recheck": 0,
                      "Shared Hit Blocks": 53,
                      "Shared Read Blocks": 0,
                      "Shared Dirtied Blocks": 0,
                      "Shared Written Blocks": 0,
                      "Local Hit Blocks": 0,
                      "Local Read Blocks": 0,
                      "Local Dirtied Blocks": 0,
                      "Local Written Blocks": 0,
                      "Temp Read Blocks": 0,
                      "Temp Written Blocks": 0
                    },
                    {
                      "Node Type": "CTE Scan",
                      "Parent Relationship": "Inner",
                      "Parallel Aware": false,
                      "Async Capable": false,
                      "CTE Name": "filter_values",
                      "Alias": "filter_values_1",
                      "Startup Cost": 0.00,
                      "Total Cost": 0.02,
                      "Plan Rows": 1,
                      "Plan Width": 48,
                      "Actual Rows": 1,
                      "Actual Loops": 184,
                      "Shared Hit Blocks": 6,
                      "Shared Read Blocks": 0,
                      "Shared Dirtied Blocks": 0,
                      "Shared Written Blocks": 0,
                      "Local Hit Blocks": 0,
                      "Local Read Blocks": 0,
                      "Local Dirtied Blocks": 0,
                      "Local Written Blocks": 0,
                      "Temp Read Blocks": 0,
                      "Temp Written Blocks": 0
                    }
                  ]
                }
              ]
            }
          ]
        },
        {
          "Node Type": "Seq Scan",
          "Parent Relationship": "InitPlan",
          "Subplan Name": "CTE readable_dictionaries",
          "Parallel Aware": false,
          "Async Capable": false,
          "Relation Name": "dictionaries",
          "Alias": "dictionary",
          "Startup Cost": 0.00,
          "Total Cost": 1.54,
          "Plan Rows": 1,
          "Plan Width": 48,
          "Actual Rows": 5,
          "Actual Loops": 1,
          "Filter": "can_access_dictionary((current_setting('lat.qa'::text))::uuid, id, 'read'::text)",
          "Rows Removed by Filter": 3,
          "Shared Hit Blocks": 23,
          "Shared Read Blocks": 0,
          "Shared Dirtied Blocks": 0,
          "Shared Written Blocks": 0,
          "Local Hit Blocks": 0,
          "Local Read Blocks": 0,
          "Local Dirtied Blocks": 0,
          "Local Written Blocks": 0,
          "Temp Read Blocks": 0,
          "Temp Written Blocks": 0
        },
        {
          "Node Type": "Unique",
          "Parent Relationship": "InitPlan",
          "Subplan Name": "CTE selected_dictionaries",
          "Parallel Aware": false,
          "Async Capable": false,
          "Startup Cost": 1.31,
          "Total Cost": 1.31,
          "Plan Rows": 1,
          "Plan Width": 16,
          "Actual Rows": 0,
          "Actual Loops": 0,
          "Shared Hit Blocks": 0,
          "Shared Read Blocks": 0,
          "Shared Dirtied Blocks": 0,
          "Shared Written Blocks": 0,
          "Local Hit Blocks": 0,
          "Local Read Blocks": 0,
          "Local Dirtied Blocks": 0,
          "Local Written Blocks": 0,
          "Temp Read Blocks": 0,
          "Temp Written Blocks": 0,
          "Plans": [
            {
              "Node Type": "Sort",
              "Parent Relationship": "Outer",
              "Parallel Aware": false,
              "Async Capable": false,
              "Startup Cost": 1.31,
              "Total Cost": 1.31,
              "Plan Rows": 1,
              "Plan Width": 16,
              "Actual Rows": 0,
              "Actual Loops": 0,
              "Sort Key": ["((requested_1.id)::uuid)"],
              "Shared Hit Blocks": 0,
              "Shared Read Blocks": 0,
              "Shared Dirtied Blocks": 0,
              "Shared Written Blocks": 0,
              "Local Hit Blocks": 0,
              "Local Read Blocks": 0,
              "Local Dirtied Blocks": 0,
              "Local Written Blocks": 0,
              "Temp Read Blocks": 0,
              "Temp Written Blocks": 0,
              "Plans": [
                {
                  "Node Type": "Nested Loop",
                  "Parent Relationship": "Outer",
                  "Parallel Aware": false,
                  "Async Capable": false,
                  "Join Type": "Inner",
                  "Startup Cost": 0.01,
                  "Total Cost": 1.30,
                  "Plan Rows": 1,
                  "Plan Width": 16,
                  "Actual Rows": 0,
                  "Actual Loops": 0,
                  "Inner Unique": false,
                  "Shared Hit Blocks": 0,
                  "Shared Read Blocks": 0,
                  "Shared Dirtied Blocks": 0,
                  "Shared Written Blocks": 0,
                  "Local Hit Blocks": 0,
                  "Local Read Blocks": 0,
                  "Local Dirtied Blocks": 0,
                  "Local Written Blocks": 0,
                  "Temp Read Blocks": 0,
                  "Temp Written Blocks": 0,
                  "Plans": [
                    {
                      "Node Type": "CTE Scan",
                      "Parent Relationship": "Outer",
                      "Parallel Aware": false,
                      "Async Capable": false,
                      "CTE Name": "filter_values",
                      "Alias": "filter_values_2",
                      "Startup Cost": 0.00,
                      "Total Cost": 0.02,
                      "Plan Rows": 1,
                      "Plan Width": 32,
                      "Actual Rows": 0,
                      "Actual Loops": 0,
                      "Shared Hit Blocks": 0,
                      "Shared Read Blocks": 0,
                      "Shared Dirtied Blocks": 0,
                      "Shared Written Blocks": 0,
                      "Local Hit Blocks": 0,
                      "Local Read Blocks": 0,
                      "Local Dirtied Blocks": 0,
                      "Local Written Blocks": 0,
                      "Temp Read Blocks": 0,
                      "Temp Written Blocks": 0
                    },
                    {
                      "Node Type": "Function Scan",
                      "Parent Relationship": "Inner",
                      "Parallel Aware": false,
                      "Async Capable": false,
                      "Function Name": "jsonb_array_elements_text",
                      "Alias": "requested_1",
                      "Startup Cost": 0.01,
                      "Total Cost": 1.26,
                      "Plan Rows": 1,
                      "Plan Width": 32,
                      "Actual Rows": 0,
                      "Actual Loops": 0,
                      "Filter": "(id ~ '^[0-9a-fA-F]{8}-[0-9a-fA-F]{4}-[0-9a-fA-F]{4}-[0-9a-fA-F]{4}-[0-9a-fA-F]{12}$'::text)",
                      "Rows Removed by Filter": 0,
                      "Shared Hit Blocks": 0,
                      "Shared Read Blocks": 0,
                      "Shared Dirtied Blocks": 0,
                      "Shared Written Blocks": 0,
                      "Local Hit Blocks": 0,
                      "Local Read Blocks": 0,
                      "Local Dirtied Blocks": 0,
                      "Local Written Blocks": 0,
                      "Temp Read Blocks": 0,
                      "Temp Written Blocks": 0
                    }
                  ]
                }
              ]
            }
          ]
        },
        {
          "Node Type": "Append",
          "Parent Relationship": "InitPlan",
          "Subplan Name": "CTE raw_scope",
          "Parallel Aware": false,
          "Async Capable": false,
          "Startup Cost": 0.04,
          "Total Cost": 140894.63,
          "Plan Rows": 8694,
          "Plan Width": 16,
          "Actual Rows": 4001,
          "Actual Loops": 1,
          "Shared Hit Blocks": 8844,
          "Shared Read Blocks": 0,
          "Shared Dirtied Blocks": 0,
          "Shared Written Blocks": 0,
          "Local Hit Blocks": 0,
          "Local Read Blocks": 0,
          "Local Dirtied Blocks": 0,
          "Local Written Blocks": 0,
          "Temp Read Blocks": 0,
          "Temp Written Blocks": 0,
          "Subplans Removed": 0,
          "Plans": [
            {
              "Node Type": "Result",
              "Parent Relationship": "Member",
              "Parallel Aware": false,
              "Async Capable": false,
              "Startup Cost": 0.04,
              "Total Cost": 214.66,
              "Plan Rows": 3971,
              "Plan Width": 16,
              "Actual Rows": 0,
              "Actual Loops": 1,
              "One-Time Filter": "((NULLIF(current_setting('lat.list'::text), ''::text))::uuid IS NULL)",
              "Shared Hit Blocks": 0,
              "Shared Read Blocks": 0,
              "Shared Dirtied Blocks": 0,
              "Shared Written Blocks": 0,
              "Local Hit Blocks": 0,
              "Local Read Blocks": 0,
              "Local Dirtied Blocks": 0,
              "Local Written Blocks": 0,
              "Temp Read Blocks": 0,
              "Temp Written Blocks": 0,
              "Plans": [
                {
                  "Node Type": "Nested Loop",
                  "Parent Relationship": "Outer",
                  "Parallel Aware": false,
                  "Async Capable": false,
                  "Join Type": "Inner",
                  "Startup Cost": 0.04,
                  "Total Cost": 214.66,
                  "Plan Rows": 3971,
                  "Plan Width": 16,
                  "Actual Rows": 0,
                  "Actual Loops": 0,
                  "Inner Unique": false,
                  "Join Filter": "(scope_entry.entry_id <> ALL (filter_values_3.excluded_entries))",
                  "Rows Removed by Join Filter": 0,
                  "Shared Hit Blocks": 0,
                  "Shared Read Blocks": 0,
                  "Shared Dirtied Blocks": 0,
                  "Shared Written Blocks": 0,
                  "Local Hit Blocks": 0,
                  "Local Read Blocks": 0,
                  "Local Dirtied Blocks": 0,
                  "Local Written Blocks": 0,
                  "Temp Read Blocks": 0,
                  "Temp Written Blocks": 0,
                  "Plans": [
                    {
                      "Node Type": "CTE Scan",
                      "Parent Relationship": "Outer",
                      "Parallel Aware": false,
                      "Async Capable": false,
                      "CTE Name": "filter_values",
                      "Alias": "filter_values_3",
                      "Startup Cost": 0.00,
                      "Total Cost": 0.03,
                      "Plan Rows": 1,
                      "Plan Width": 32,
                      "Actual Rows": 0,
                      "Actual Loops": 0,
                      "Filter": "((dictionary_mode IS NULL) AND (NOT (filter_data ? 'partOfSpeech'::text)) AND (NOT (filter_data ? 'nounArticles'::text)))",
                      "Rows Removed by Filter": 0,
                      "Shared Hit Blocks": 0,
                      "Shared Read Blocks": 0,
                      "Shared Dirtied Blocks": 0,
                      "Shared Written Blocks": 0,
                      "Local Hit Blocks": 0,
                      "Local Read Blocks": 0,
                      "Local Dirtied Blocks": 0,
                      "Local Written Blocks": 0,
                      "Temp Read Blocks": 0,
                      "Temp Written Blocks": 0
                    },
                    {
                      "Node Type": "Hash Join",
                      "Parent Relationship": "Inner",
                      "Parallel Aware": false,
                      "Async Capable": false,
                      "Join Type": "Left",
                      "Startup Cost": 0.03,
                      "Total Cost": 125.06,
                      "Plan Rows": 3981,
                      "Plan Width": 16,
                      "Actual Rows": 0,
                      "Actual Loops": 0,
                      "Inner Unique": false,
                      "Hash Cond": "(scope_entry.dictionary_id = readable_dictionary.id)",
                      "Filter": "((scope_entry.dictionary_id IS NULL) OR (readable_dictionary.id IS NOT NULL))",
                      "Rows Removed by Filter": 0,
                      "Shared Hit Blocks": 0,
                      "Shared Read Blocks": 0,
                      "Shared Dirtied Blocks": 0,
                      "Shared Written Blocks": 0,
                      "Local Hit Blocks": 0,
                      "Local Read Blocks": 0,
                      "Local Dirtied Blocks": 0,
                      "Local Written Blocks": 0,
                      "Temp Read Blocks": 0,
                      "Temp Written Blocks": 0,
                      "Plans": [
                        {
                          "Node Type": "Seq Scan",
                          "Parent Relationship": "Outer",
                          "Parallel Aware": false,
                          "Async Capable": false,
                          "Relation Name": "default_training_scope_entries_v1",
                          "Alias": "scope_entry",
                          "Startup Cost": 0.00,
                          "Total Cost": 70.01,
                          "Plan Rows": 4001,
                          "Plan Width": 32,
                          "Actual Rows": 0,
                          "Actual Loops": 0,
                          "Shared Hit Blocks": 0,
                          "Shared Read Blocks": 0,
                          "Shared Dirtied Blocks": 0,
                          "Shared Written Blocks": 0,
                          "Local Hit Blocks": 0,
                          "Local Read Blocks": 0,
                          "Local Dirtied Blocks": 0,
                          "Local Written Blocks": 0,
                          "Temp Read Blocks": 0,
                          "Temp Written Blocks": 0
                        },
                        {
                          "Node Type": "Hash",
                          "Parent Relationship": "Inner",
                          "Parallel Aware": false,
                          "Async Capable": false,
                          "Startup Cost": 0.02,
                          "Total Cost": 0.02,
                          "Plan Rows": 1,
                          "Plan Width": 16,
                          "Actual Rows": 0,
                          "Actual Loops": 0,
                          "Shared Hit Blocks": 0,
                          "Shared Read Blocks": 0,
                          "Shared Dirtied Blocks": 0,
                          "Shared Written Blocks": 0,
                          "Local Hit Blocks": 0,
                          "Local Read Blocks": 0,
                          "Local Dirtied Blocks": 0,
                          "Local Written Blocks": 0,
                          "Temp Read Blocks": 0,
                          "Temp Written Blocks": 0,
                          "Plans": [
                            {
                              "Node Type": "CTE Scan",
                              "Parent Relationship": "Outer",
                              "Parallel Aware": false,
                              "Async Capable": false,
                              "CTE Name": "readable_dictionaries",
                              "Alias": "readable_dictionary",
                              "Startup Cost": 0.00,
                              "Total Cost": 0.02,
                              "Plan Rows": 1,
                              "Plan Width": 16,
                              "Actual Rows": 0,
                              "Actual Loops": 0,
                              "Shared Hit Blocks": 0,
                              "Shared Read Blocks": 0,
                              "Shared Dirtied Blocks": 0,
                              "Shared Written Blocks": 0,
                              "Local Hit Blocks": 0,
                              "Local Read Blocks": 0,
                              "Local Dirtied Blocks": 0,
                              "Local Written Blocks": 0,
                              "Temp Read Blocks": 0,
                              "Temp Written Blocks": 0
                            }
                          ]
                        }
                      ]
                    }
                  ]
                }
              ]
            },
            {
              "Node Type": "Result",
              "Parent Relationship": "Member",
              "Parallel Aware": false,
              "Async Capable": false,
              "Startup Cost": 0.30,
              "Total Cost": 6162.66,
              "Plan Rows": 1324,
              "Plan Width": 16,
              "Actual Rows": 0,
              "Actual Loops": 1,
              "One-Time Filter": "((NULLIF(current_setting('lat.list'::text), ''::text))::uuid IS NULL)",
              "Shared Hit Blocks": 0,
              "Shared Read Blocks": 0,
              "Shared Dirtied Blocks": 0,
              "Shared Written Blocks": 0,
              "Local Hit Blocks": 0,
              "Local Read Blocks": 0,
              "Local Dirtied Blocks": 0,
              "Local Written Blocks": 0,
              "Temp Read Blocks": 0,
              "Temp Written Blocks": 0,
              "Plans": [
                {
                  "Node Type": "Nested Loop",
                  "Parent Relationship": "Outer",
                  "Parallel Aware": false,
                  "Async Capable": false,
                  "Join Type": "Left",
                  "Startup Cost": 0.30,
                  "Total Cost": 6162.66,
                  "Plan Rows": 1324,
                  "Plan Width": 16,
                  "Actual Rows": 0,
                  "Actual Loops": 0,
                  "Inner Unique": false,
                  "Join Filter": "(readable_dictionary_1.id = scope_entry_1.dictionary_id)",
                  "Rows Removed by Join Filter": 0,
                  "Filter": "((scope_entry_1.dictionary_id IS NULL) OR (readable_dictionary_1.id IS NOT NULL))",
                  "Rows Removed by Filter": 0,
                  "Shared Hit Blocks": 0,
                  "Shared Read Blocks": 0,
                  "Shared Dirtied Blocks": 0,
                  "Shared Written Blocks": 0,
                  "Local Hit Blocks": 0,
                  "Local Read Blocks": 0,
                  "Local Dirtied Blocks": 0,
                  "Local Written Blocks": 0,
                  "Temp Read Blocks": 0,
                  "Temp Written Blocks": 0,
                  "Plans": [
                    {
                      "Node Type": "Nested Loop",
                      "Parent Relationship": "Outer",
                      "Parallel Aware": false,
                      "Async Capable": false,
                      "Join Type": "Inner",
                      "Startup Cost": 0.29,
                      "Total Cost": 6132.71,
                      "Plan Rows": 1330,
                      "Plan Width": 32,
                      "Actual Rows": 0,
                      "Actual Loops": 0,
                      "Inner Unique": false,
                      "Join Filter": "((scope_entry_1.entry_id <> ALL (filter_values_4.excluded_entries)) AND private.training_lexical_candidate_matches_v1(lexical_entry.part_of_speech, lexical_entry.gender, filter_values_4.filter_data))",
                      "Rows Removed by Join Filter": 0,
                      "Shared Hit Blocks": 0,
                      "Shared Read Blocks": 0,
                      "Shared Dirtied Blocks": 0,
                      "Shared Written Blocks": 0,
                      "Local Hit Blocks": 0,
                      "Local Read Blocks": 0,
                      "Local Dirtied Blocks": 0,
                      "Local Written Blocks": 0,
                      "Temp Read Blocks": 0,
                      "Temp Written Blocks": 0,
                      "Plans": [
                        {
                          "Node Type": "CTE Scan",
                          "Parent Relationship": "Outer",
                          "Parallel Aware": false,
                          "Async Capable": false,
                          "CTE Name": "filter_values",
                          "Alias": "filter_values_4",
                          "Startup Cost": 0.00,
                          "Total Cost": 0.03,
                          "Plan Rows": 1,
                          "Plan Width": 64,
                          "Actual Rows": 0,
                          "Actual Loops": 0,
                          "Filter": "((dictionary_mode IS NULL) AND ((filter_data ? 'partOfSpeech'::text) OR (filter_data ? 'nounArticles'::text)))",
                          "Rows Removed by Filter": 0,
                          "Shared Hit Blocks": 0,
                          "Shared Read Blocks": 0,
                          "Shared Dirtied Blocks": 0,
                          "Shared Written Blocks": 0,
                          "Local Hit Blocks": 0,
                          "Local Read Blocks": 0,
                          "Local Dirtied Blocks": 0,
                          "Local Written Blocks": 0,
                          "Temp Read Blocks": 0,
                          "Temp Written Blocks": 0
                        },
                        {
                          "Node Type": "Nested Loop",
                          "Parent Relationship": "Inner",
                          "Parallel Aware": false,
                          "Async Capable": false,
                          "Join Type": "Inner",
                          "Startup Cost": 0.29,
                          "Total Cost": 5042.42,
                          "Plan Rows": 4001,
                          "Plan Width": 38,
                          "Actual Rows": 0,
                          "Actual Loops": 0,
                          "Inner Unique": true,
                          "Shared Hit Blocks": 0,
                          "Shared Read Blocks": 0,
                          "Shared Dirtied Blocks": 0,
                          "Shared Written Blocks": 0,
                          "Local Hit Blocks": 0,
                          "Local Read Blocks": 0,
                          "Local Dirtied Blocks": 0,
                          "Local Written Blocks": 0,
                          "Temp Read Blocks": 0,
                          "Temp Written Blocks": 0,
                          "Plans": [
                            {
                              "Node Type": "Seq Scan",
                              "Parent Relationship": "Outer",
                              "Parallel Aware": false,
                              "Async Capable": false,
                              "Relation Name": "default_training_scope_entries_v1",
                              "Alias": "scope_entry_1",
                              "Startup Cost": 0.00,
                              "Total Cost": 70.01,
                              "Plan Rows": 4001,
                              "Plan Width": 32,
                              "Actual Rows": 0,
                              "Actual Loops": 0,
                              "Shared Hit Blocks": 0,
                              "Shared Read Blocks": 0,
                              "Shared Dirtied Blocks": 0,
                              "Shared Written Blocks": 0,
                              "Local Hit Blocks": 0,
                              "Local Read Blocks": 0,
                              "Local Dirtied Blocks": 0,
                              "Local Written Blocks": 0,
                              "Temp Read Blocks": 0,
                              "Temp Written Blocks": 0
                            },
                            {
                              "Node Type": "Index Scan",
                              "Parent Relationship": "Inner",
                              "Parallel Aware": false,
                              "Async Capable": false,
                              "Scan Direction": "Forward",
                              "Index Name": "word_entries_pkey",
                              "Relation Name": "word_entries",
                              "Alias": "lexical_entry",
                              "Startup Cost": 0.29,
                              "Total Cost": 1.24,
                              "Plan Rows": 1,
                              "Plan Width": 22,
                              "Actual Rows": 0,
                              "Actual Loops": 0,
                              "Index Cond": "(id = scope_entry_1.entry_id)",
                              "Rows Removed by Index Recheck": 0,
                              "Shared Hit Blocks": 0,
                              "Shared Read Blocks": 0,
                              "Shared Dirtied Blocks": 0,
                              "Shared Written Blocks": 0,
                              "Local Hit Blocks": 0,
                              "Local Read Blocks": 0,
                              "Local Dirtied Blocks": 0,
                              "Local Written Blocks": 0,
                              "Temp Read Blocks": 0,
                              "Temp Written Blocks": 0
                            }
                          ]
                        }
                      ]
                    },
                    {
                      "Node Type": "CTE Scan",
                      "Parent Relationship": "Inner",
                      "Parallel Aware": false,
                      "Async Capable": false,
                      "CTE Name": "readable_dictionaries",
                      "Alias": "readable_dictionary_1",
                      "Startup Cost": 0.00,
                      "Total Cost": 0.02,
                      "Plan Rows": 1,
                      "Plan Width": 16,
                      "Actual Rows": 0,
                      "Actual Loops": 0,
                      "Shared Hit Blocks": 0,
                      "Shared Read Blocks": 0,
                      "Shared Dirtied Blocks": 0,
                      "Shared Written Blocks": 0,
                      "Local Hit Blocks": 0,
                      "Local Read Blocks": 0,
                      "Local Dirtied Blocks": 0,
                      "Local Written Blocks": 0,
                      "Temp Read Blocks": 0,
                      "Temp Written Blocks": 0
                    }
                  ]
                }
              ]
            },
            {
              "Node Type": "Result",
              "Parent Relationship": "Member",
              "Parallel Aware": false,
              "Async Capable": false,
              "Startup Cost": 207.71,
              "Total Cost": 131224.08,
              "Plan Rows": 2263,
              "Plan Width": 16,
              "Actual Rows": 4001,
              "Actual Loops": 1,
              "One-Time Filter": "((NULLIF(current_setting('lat.list'::text), ''::text))::uuid IS NOT NULL)",
              "Shared Hit Blocks": 8844,
              "Shared Read Blocks": 0,
              "Shared Dirtied Blocks": 0,
              "Shared Written Blocks": 0,
              "Local Hit Blocks": 0,
              "Local Read Blocks": 0,
              "Local Dirtied Blocks": 0,
              "Local Written Blocks": 0,
              "Temp Read Blocks": 0,
              "Temp Written Blocks": 0,
              "Plans": [
                {
                  "Node Type": "Nested Loop",
                  "Parent Relationship": "Outer",
                  "Parallel Aware": false,
                  "Async Capable": false,
                  "Join Type": "Inner",
                  "Startup Cost": 207.71,
                  "Total Cost": 131224.08,
                  "Plan Rows": 2263,
                  "Plan Width": 16,
                  "Actual Rows": 4001,
                  "Actual Loops": 1,
                  "Inner Unique": false,
                  "Join Filter": "((entry.id <> ALL (filter_values_5.excluded_entries)) AND CASE WHEN ((filter_values_5.filter_data ? 'partOfSpeech'::text) OR (filter_values_5.filter_data ? 'nounArticles'::text)) THEN private.training_lexical_candidate_matches_v1(entry.part_of_speech, entry.gender, filter_values_5.filter_data) ELSE true END AND (((filter_values_5.list_type = 'curated'::text) AND (ANY (entry.id = (hashed SubPlan 10).col1))) OR ((filter_values_5.list_type = 'user'::text) AND (ANY (entry.id = (hashed SubPlan 12).col1)))))",
                  "Rows Removed by Join Filter": 0,
                  "Shared Hit Blocks": 8844,
                  "Shared Read Blocks": 0,
                  "Shared Dirtied Blocks": 0,
                  "Shared Written Blocks": 0,
                  "Local Hit Blocks": 0,
                  "Local Read Blocks": 0,
                  "Local Dirtied Blocks": 0,
                  "Local Written Blocks": 0,
                  "Temp Read Blocks": 0,
                  "Temp Written Blocks": 0,
                  "Plans": [
                    {
                      "Node Type": "CTE Scan",
                      "Parent Relationship": "Outer",
                      "Parallel Aware": false,
                      "Async Capable": false,
                      "CTE Name": "filter_values",
                      "Alias": "filter_values_5",
                      "Startup Cost": 0.00,
                      "Total Cost": 0.03,
                      "Plan Rows": 1,
                      "Plan Width": 96,
                      "Actual Rows": 1,
                      "Actual Loops": 1,
                      "Filter": "((dictionary_mode IS NULL) AND ((list_type = 'curated'::text) OR (list_type = 'user'::text)))",
                      "Rows Removed by Filter": 0,
                      "Shared Hit Blocks": 0,
                      "Shared Read Blocks": 0,
                      "Shared Dirtied Blocks": 0,
                      "Shared Written Blocks": 0,
                      "Local Hit Blocks": 0,
                      "Local Read Blocks": 0,
                      "Local Dirtied Blocks": 0,
                      "Local Written Blocks": 0,
                      "Temp Read Blocks": 0,
                      "Temp Written Blocks": 0
                    },
                    {
                      "Node Type": "Hash Join",
                      "Parent Relationship": "Inner",
                      "Parallel Aware": false,
                      "Async Capable": false,
                      "Join Type": "Left",
                      "Startup Cost": 207.70,
                      "Total Cost": 96688.40,
                      "Plan Rows": 6785,
                      "Plan Width": 22,
                      "Actual Rows": 4001,
                      "Actual Loops": 1,
                      "Inner Unique": false,
                      "Hash Cond": "(entry.dictionary_id = readable_dictionary_2.id)",
                      "Filter": "((entry.dictionary_id IS NULL) OR (readable_dictionary_2.id IS NOT NULL))",
                      "Rows Removed by Filter": 0,
                      "Shared Hit Blocks": 8798,
                      "Shared Read Blocks": 0,
                      "Shared Dirtied Blocks": 0,
                      "Shared Written Blocks": 0,
                      "Local Hit Blocks": 0,
                      "Local Read Blocks": 0,
                      "Local Dirtied Blocks": 0,
                      "Local Written Blocks": 0,
                      "Temp Read Blocks": 0,
                      "Temp Written Blocks": 0,
                      "Plans": [
                        {
                          "Node Type": "Hash Join",
                          "Parent Relationship": "Outer",
                          "Parallel Aware": false,
                          "Async Capable": false,
                          "Join Type": "Anti",
                          "Startup Cost": 207.67,
                          "Total Cost": 96645.75,
                          "Plan Rows": 6819,
                          "Plan Width": 38,
                          "Actual Rows": 4001,
                          "Actual Loops": 1,
                          "Inner Unique": false,
                          "Hash Cond": "(entry.id = pointer_entry.id)",
                          "Shared Hit Blocks": 8775,
                          "Shared Read Blocks": 0,
                          "Shared Dirtied Blocks": 0,
                          "Shared Written Blocks": 0,
                          "Local Hit Blocks": 0,
                          "Local Read Blocks": 0,
                          "Local Dirtied Blocks": 0,
                          "Local Written Blocks": 0,
                          "Temp Read Blocks": 0,
                          "Temp Written Blocks": 0,
                          "Plans": [
                            {
                              "Node Type": "Seq Scan",
                              "Parent Relationship": "Outer",
                              "Parallel Aware": false,
                              "Async Capable": false,
                              "Relation Name": "word_entries",
                              "Alias": "entry",
                              "Startup Cost": 0.00,
                              "Total Cost": 96326.42,
                              "Plan Rows": 13638,
                              "Plan Width": 38,
                              "Actual Rows": 4031,
                              "Actual Loops": 1,
                              "Filter": "((ANY (id = (hashed SubPlan 10).col1)) OR (ANY (id = (hashed SubPlan 12).col1)))",
                              "Rows Removed by Filter": 14193,
                              "Shared Hit Blocks": 8773,
                              "Shared Read Blocks": 0,
                              "Shared Dirtied Blocks": 0,
                              "Shared Written Blocks": 0,
                              "Local Hit Blocks": 0,
                              "Local Read Blocks": 0,
                              "Local Dirtied Blocks": 0,
                              "Local Written Blocks": 0,
                              "Temp Read Blocks": 0,
                              "Temp Written Blocks": 0,
                              "Plans": [
                                {
                                  "Node Type": "Index Only Scan",
                                  "Parent Relationship": "SubPlan",
                                  "Subplan Name": "SubPlan 10",
                                  "Parallel Aware": false,
                                  "Async Capable": false,
                                  "Scan Direction": "Forward",
                                  "Index Name": "word_list_items_pkey",
                                  "Relation Name": "word_list_items",
                                  "Alias": "item",
                                  "Startup Cost": 0.30,
                                  "Total Cost": 109.34,
                                  "Plan Rows": 4031,
                                  "Plan Width": 16,
                                  "Actual Rows": 4031,
                                  "Actual Loops": 2,
                                  "Index Cond": "(list_id = (NULLIF(current_setting('lat.list'::text), ''::text))::uuid)",
                                  "Rows Removed by Index Recheck": 0,
                                  "Heap Fetches": 0,
                                  "Shared Hit Blocks": 93,
                                  "Shared Read Blocks": 0,
                                  "Shared Dirtied Blocks": 0,
                                  "Shared Written Blocks": 0,
                                  "Local Hit Blocks": 0,
                                  "Local Read Blocks": 0,
                                  "Local Dirtied Blocks": 0,
                                  "Local Written Blocks": 0,
                                  "Temp Read Blocks": 0,
                                  "Temp Written Blocks": 0
                                },
                                {
                                  "Node Type": "Nested Loop",
                                  "Parent Relationship": "SubPlan",
                                  "Subplan Name": "SubPlan 12",
                                  "Parallel Aware": false,
                                  "Async Capable": false,
                                  "Join Type": "Inner",
                                  "Startup Cost": 0.00,
                                  "Total Cost": 3.26,
                                  "Plan Rows": 1,
                                  "Plan Width": 16,
                                  "Actual Rows": 0,
                                  "Actual Loops": 1,
                                  "Inner Unique": false,
                                  "Shared Hit Blocks": 1,
                                  "Shared Read Blocks": 0,
                                  "Shared Dirtied Blocks": 0,
                                  "Shared Written Blocks": 0,
                                  "Local Hit Blocks": 0,
                                  "Local Read Blocks": 0,
                                  "Local Dirtied Blocks": 0,
                                  "Local Written Blocks": 0,
                                  "Temp Read Blocks": 0,
                                  "Temp Written Blocks": 0,
                                  "Plans": [
                                    {
                                      "Node Type": "Seq Scan",
                                      "Parent Relationship": "Outer",
                                      "Parallel Aware": false,
                                      "Async Capable": false,
                                      "Relation Name": "user_word_list_items",
                                      "Alias": "item_1",
                                      "Startup Cost": 0.00,
                                      "Total Cost": 2.12,
                                      "Plan Rows": 1,
                                      "Plan Width": 32,
                                      "Actual Rows": 0,
                                      "Actual Loops": 1,
                                      "Filter": "(list_id = (NULLIF(current_setting('lat.list'::text), ''::text))::uuid)",
                                      "Rows Removed by Filter": 53,
                                      "Shared Hit Blocks": 1,
                                      "Shared Read Blocks": 0,
                                      "Shared Dirtied Blocks": 0,
                                      "Shared Written Blocks": 0,
                                      "Local Hit Blocks": 0,
                                      "Local Read Blocks": 0,
                                      "Local Dirtied Blocks": 0,
                                      "Local Written Blocks": 0,
                                      "Temp Read Blocks": 0,
                                      "Temp Written Blocks": 0
                                    },
                                    {
                                      "Node Type": "Seq Scan",
                                      "Parent Relationship": "Inner",
                                      "Parallel Aware": false,
                                      "Async Capable": false,
                                      "Relation Name": "user_word_lists",
                                      "Alias": "list",
                                      "Startup Cost": 0.00,
                                      "Total Cost": 1.13,
                                      "Plan Rows": 1,
                                      "Plan Width": 16,
                                      "Actual Rows": 0,
                                      "Actual Loops": 0,
                                      "Filter": "((user_id = (current_setting('lat.qa'::text))::uuid) AND (id = (NULLIF(current_setting('lat.list'::text), ''::text))::uuid))",
                                      "Rows Removed by Filter": 0,
                                      "Shared Hit Blocks": 0,
                                      "Shared Read Blocks": 0,
                                      "Shared Dirtied Blocks": 0,
                                      "Shared Written Blocks": 0,
                                      "Local Hit Blocks": 0,
                                      "Local Read Blocks": 0,
                                      "Local Dirtied Blocks": 0,
                                      "Local Written Blocks": 0,
                                      "Temp Read Blocks": 0,
                                      "Temp Written Blocks": 0
                                    }
                                  ]
                                }
                              ]
                            },
                            {
                              "Node Type": "Hash",
                              "Parent Relationship": "Inner",
                              "Parallel Aware": false,
                              "Async Capable": false,
                              "Startup Cost": 94.02,
                              "Total Cost": 94.02,
                              "Plan Rows": 9092,
                              "Plan Width": 16,
                              "Actual Rows": 150,
                              "Actual Loops": 1,
                              "Hash Buckets": 16384,
                              "Original Hash Buckets": 16384,
                              "Hash Batches": 1,
                              "Original Hash Batches": 1,
                              "Peak Memory Usage": 136,
                              "Shared Hit Blocks": 2,
                              "Shared Read Blocks": 0,
                              "Shared Dirtied Blocks": 0,
                              "Shared Written Blocks": 0,
                              "Local Hit Blocks": 0,
                              "Local Read Blocks": 0,
                              "Local Dirtied Blocks": 0,
                              "Local Written Blocks": 0,
                              "Temp Read Blocks": 0,
                              "Temp Written Blocks": 0,
                              "Plans": [
                                {
                                  "Node Type": "Index Only Scan",
                                  "Parent Relationship": "Outer",
                                  "Parallel Aware": false,
                                  "Async Capable": false,
                                  "Scan Direction": "Forward",
                                  "Index Name": "word_entries_pointer_only_scheduler_exclusion_v1_idx",
                                  "Relation Name": "word_entries",
                                  "Alias": "pointer_entry",
                                  "Startup Cost": 0.14,
                                  "Total Cost": 94.02,
                                  "Plan Rows": 9092,
                                  "Plan Width": 16,
                                  "Actual Rows": 150,
                                  "Actual Loops": 1,
                                  "Heap Fetches": 0,
                                  "Shared Hit Blocks": 2,
                                  "Shared Read Blocks": 0,
                                  "Shared Dirtied Blocks": 0,
                                  "Shared Written Blocks": 0,
                                  "Local Hit Blocks": 0,
                                  "Local Read Blocks": 0,
                                  "Local Dirtied Blocks": 0,
                                  "Local Written Blocks": 0,
                                  "Temp Read Blocks": 0,
                                  "Temp Written Blocks": 0
                                }
                              ]
                            }
                          ]
                        },
                        {
                          "Node Type": "Hash",
                          "Parent Relationship": "Inner",
                          "Parallel Aware": false,
                          "Async Capable": false,
                          "Startup Cost": 0.02,
                          "Total Cost": 0.02,
                          "Plan Rows": 1,
                          "Plan Width": 16,
                          "Actual Rows": 5,
                          "Actual Loops": 1,
                          "Hash Buckets": 1024,
                          "Original Hash Buckets": 1024,
                          "Hash Batches": 1,
                          "Original Hash Batches": 1,
                          "Peak Memory Usage": 9,
                          "Shared Hit Blocks": 23,
                          "Shared Read Blocks": 0,
                          "Shared Dirtied Blocks": 0,
                          "Shared Written Blocks": 0,
                          "Local Hit Blocks": 0,
                          "Local Read Blocks": 0,
                          "Local Dirtied Blocks": 0,
                          "Local Written Blocks": 0,
                          "Temp Read Blocks": 0,
                          "Temp Written Blocks": 0,
                          "Plans": [
                            {
                              "Node Type": "CTE Scan",
                              "Parent Relationship": "Outer",
                              "Parallel Aware": false,
                              "Async Capable": false,
                              "CTE Name": "readable_dictionaries",
                              "Alias": "readable_dictionary_2",
                              "Startup Cost": 0.00,
                              "Total Cost": 0.02,
                              "Plan Rows": 1,
                              "Plan Width": 16,
                              "Actual Rows": 5,
                              "Actual Loops": 1,
                              "Shared Hit Blocks": 23,
                              "Shared Read Blocks": 0,
                              "Shared Dirtied Blocks": 0,
                              "Shared Written Blocks": 0,
                              "Local Hit Blocks": 0,
                              "Local Read Blocks": 0,
                              "Local Dirtied Blocks": 0,
                              "Local Written Blocks": 0,
                              "Temp Read Blocks": 0,
                              "Temp Written Blocks": 0
                            }
                          ]
                        }
                      ]
                    }
                  ]
                }
              ]
            },
            {
              "Node Type": "Result",
              "Parent Relationship": "Member",
              "Parallel Aware": false,
              "Async Capable": false,
              "Startup Cost": 2405.77,
              "Total Cost": 3249.76,
              "Plan Rows": 1136,
              "Plan Width": 16,
              "Actual Rows": 0,
              "Actual Loops": 1,
              "One-Time Filter": "((NULLIF(current_setting('lat.list'::text), ''::text))::uuid IS NULL)",
              "Shared Hit Blocks": 0,
              "Shared Read Blocks": 0,
              "Shared Dirtied Blocks": 0,
              "Shared Written Blocks": 0,
              "Local Hit Blocks": 0,
              "Local Read Blocks": 0,
              "Local Dirtied Blocks": 0,
              "Local Written Blocks": 0,
              "Temp Read Blocks": 0,
              "Temp Written Blocks": 0,
              "Plans": [
                {
                  "Node Type": "Nested Loop",
                  "Parent Relationship": "Outer",
                  "Parallel Aware": false,
                  "Async Capable": false,
                  "Join Type": "Inner",
                  "Startup Cost": 2405.77,
                  "Total Cost": 3249.76,
                  "Plan Rows": 1136,
                  "Plan Width": 16,
                  "Actual Rows": 0,
                  "Actual Loops": 0,
                  "Inner Unique": false,
                  "Join Filter": "((filter_values_6.dictionary_language = readable_dictionary_3.language_code) AND (entry_1.id <> ALL (filter_values_6.excluded_entries)) AND ((filter_values_6.dictionary_mode = 'all'::text) OR (ANY (entry_1.dictionary_id = (hashed SubPlan 14).col1))) AND CASE WHEN ((filter_values_6.filter_data ? 'partOfSpeech'::text) OR (filter_values_6.filter_data ? 'nounArticles'::text)) THEN private.training_lexical_candidate_matches_v1(entry_1.part_of_speech, entry_1.gender, filter_values_6.filter_data) ELSE true END)",
                  "Rows Removed by Join Filter": 0,
                  "Shared Hit Blocks": 0,
                  "Shared Read Blocks": 0,
                  "Shared Dirtied Blocks": 0,
                  "Shared Written Blocks": 0,
                  "Local Hit Blocks": 0,
                  "Local Read Blocks": 0,
                  "Local Dirtied Blocks": 0,
                  "Local Written Blocks": 0,
                  "Temp Read Blocks": 0,
                  "Temp Written Blocks": 0,
                  "Plans": [
                    {
                      "Node Type": "CTE Scan",
                      "Parent Relationship": "Outer",
                      "Parallel Aware": false,
                      "Async Capable": false,
                      "CTE Name": "filter_values",
                      "Alias": "filter_values_6",
                      "Startup Cost": 0.00,
                      "Total Cost": 0.02,
                      "Plan Rows": 1,
                      "Plan Width": 128,
                      "Actual Rows": 0,
                      "Actual Loops": 0,
                      "Filter": "(dictionary_mode = ANY ('{all,selected}'::text[]))",
                      "Rows Removed by Filter": 0,
                      "Shared Hit Blocks": 0,
                      "Shared Read Blocks": 0,
                      "Shared Dirtied Blocks": 0,
                      "Shared Written Blocks": 0,
                      "Local Hit Blocks": 0,
                      "Local Read Blocks": 0,
                      "Local Dirtied Blocks": 0,
                      "Local Written Blocks": 0,
                      "Temp Read Blocks": 0,
                      "Temp Written Blocks": 0
                    },
                    {
                      "Node Type": "Hash Join",
                      "Parent Relationship": "Inner",
                      "Parallel Aware": false,
                      "Async Capable": false,
                      "Join Type": "Right Anti",
                      "Startup Cost": 2405.76,
                      "Total Cost": 2556.46,
                      "Plan Rows": 2273,
                      "Plan Width": 73,
                      "Actual Rows": 0,
                      "Actual Loops": 0,
                      "Inner Unique": false,
                      "Hash Cond": "(pointer_entry_1.id = entry_1.id)",
                      "Shared Hit Blocks": 0,
                      "Shared Read Blocks": 0,
                      "Shared Dirtied Blocks": 0,
                      "Shared Written Blocks": 0,
                      "Local Hit Blocks": 0,
                      "Local Read Blocks": 0,
                      "Local Dirtied Blocks": 0,
                      "Local Written Blocks": 0,
                      "Temp Read Blocks": 0,
                      "Temp Written Blocks": 0,
                      "Plans": [
                        {
                          "Node Type": "Index Only Scan",
                          "Parent Relationship": "Outer",
                          "Parallel Aware": false,
                          "Async Capable": false,
                          "Scan Direction": "Forward",
                          "Index Name": "word_entries_pointer_only_scheduler_exclusion_v1_idx",
                          "Relation Name": "word_entries",
                          "Alias": "pointer_entry_1",
                          "Startup Cost": 0.14,
                          "Total Cost": 94.02,
                          "Plan Rows": 9092,
                          "Plan Width": 16,
                          "Actual Rows": 0,
                          "Actual Loops": 0,
                          "Heap Fetches": 0,
                          "Shared Hit Blocks": 0,
                          "Shared Read Blocks": 0,
                          "Shared Dirtied Blocks": 0,
                          "Shared Written Blocks": 0,
                          "Local Hit Blocks": 0,
                          "Local Read Blocks": 0,
                          "Local Dirtied Blocks": 0,
                          "Local Written Blocks": 0,
                          "Temp Read Blocks": 0,
                          "Temp Written Blocks": 0
                        },
                        {
                          "Node Type": "Hash",
                          "Parent Relationship": "Inner",
                          "Parallel Aware": false,
                          "Async Capable": false,
                          "Startup Cost": 2348.79,
                          "Total Cost": 2348.79,
                          "Plan Rows": 4546,
                          "Plan Width": 73,
                          "Actual Rows": 0,
                          "Actual Loops": 0,
                          "Shared Hit Blocks": 0,
                          "Shared Read Blocks": 0,
                          "Shared Dirtied Blocks": 0,
                          "Shared Written Blocks": 0,
                          "Local Hit Blocks": 0,
                          "Local Read Blocks": 0,
                          "Local Dirtied Blocks": 0,
                          "Local Written Blocks": 0,
                          "Temp Read Blocks": 0,
                          "Temp Written Blocks": 0,
                          "Plans": [
                            {
                              "Node Type": "Nested Loop",
                              "Parent Relationship": "Outer",
                              "Parallel Aware": false,
                              "Async Capable": false,
                              "Join Type": "Inner",
                              "Startup Cost": 0.29,
                              "Total Cost": 2348.79,
                              "Plan Rows": 4546,
                              "Plan Width": 73,
                              "Actual Rows": 0,
                              "Actual Loops": 0,
                              "Inner Unique": false,
                              "Shared Hit Blocks": 0,
                              "Shared Read Blocks": 0,
                              "Shared Dirtied Blocks": 0,
                              "Shared Written Blocks": 0,
                              "Local Hit Blocks": 0,
                              "Local Read Blocks": 0,
                              "Local Dirtied Blocks": 0,
                              "Local Written Blocks": 0,
                              "Temp Read Blocks": 0,
                              "Temp Written Blocks": 0,
                              "Plans": [
                                {
                                  "Node Type": "CTE Scan",
                                  "Parent Relationship": "Outer",
                                  "Parallel Aware": false,
                                  "Async Capable": false,
                                  "CTE Name": "readable_dictionaries",
                                  "Alias": "readable_dictionary_3",
                                  "Startup Cost": 0.00,
                                  "Total Cost": 0.02,
                                  "Plan Rows": 1,
                                  "Plan Width": 48,
                                  "Actual Rows": 0,
                                  "Actual Loops": 0,
                                  "Shared Hit Blocks": 0,
                                  "Shared Read Blocks": 0,
                                  "Shared Dirtied Blocks": 0,
                                  "Shared Written Blocks": 0,
                                  "Local Hit Blocks": 0,
                                  "Local Read Blocks": 0,
                                  "Local Dirtied Blocks": 0,
                                  "Local Written Blocks": 0,
                                  "Temp Read Blocks": 0,
                                  "Temp Written Blocks": 0
                                },
                                {
                                  "Node Type": "Index Scan",
                                  "Parent Relationship": "Inner",
                                  "Parallel Aware": false,
                                  "Async Capable": false,
                                  "Scan Direction": "Forward",
                                  "Index Name": "word_entries_dictionary_idx",
                                  "Relation Name": "word_entries",
                                  "Alias": "entry_1",
                                  "Startup Cost": 0.29,
                                  "Total Cost": 2303.31,
                                  "Plan Rows": 4546,
                                  "Plan Width": 41,
                                  "Actual Rows": 0,
                                  "Actual Loops": 0,
                                  "Index Cond": "(dictionary_id = readable_dictionary_3.id)",
                                  "Rows Removed by Index Recheck": 0,
                                  "Filter": "(readable_dictionary_3.language_code = language_code)",
                                  "Rows Removed by Filter": 0,
                                  "Shared Hit Blocks": 0,
                                  "Shared Read Blocks": 0,
                                  "Shared Dirtied Blocks": 0,
                                  "Shared Written Blocks": 0,
                                  "Local Hit Blocks": 0,
                                  "Local Read Blocks": 0,
                                  "Local Dirtied Blocks": 0,
                                  "Local Written Blocks": 0,
                                  "Temp Read Blocks": 0,
                                  "Temp Written Blocks": 0
                                }
                              ]
                            }
                          ]
                        }
                      ]
                    },
                    {
                      "Node Type": "CTE Scan",
                      "Parent Relationship": "SubPlan",
                      "Subplan Name": "SubPlan 14",
                      "Parallel Aware": false,
                      "Async Capable": false,
                      "CTE Name": "selected_dictionaries",
                      "Alias": "selected",
                      "Startup Cost": 0.00,
                      "Total Cost": 0.02,
                      "Plan Rows": 1,
                      "Plan Width": 16,
                      "Actual Rows": 0,
                      "Actual Loops": 0,
                      "Shared Hit Blocks": 0,
                      "Shared Read Blocks": 0,
                      "Shared Dirtied Blocks": 0,
                      "Shared Written Blocks": 0,
                      "Local Hit Blocks": 0,
                      "Local Read Blocks": 0,
                      "Local Dirtied Blocks": 0,
                      "Local Written Blocks": 0,
                      "Temp Read Blocks": 0,
                      "Temp Written Blocks": 0
                    }
                  ]
                }
              ]
            }
          ]
        },
        {
          "Node Type": "Nested Loop",
          "Parent Relationship": "InitPlan",
          "Subplan Name": "CTE scope",
          "Parallel Aware": false,
          "Async Capable": false,
          "Join Type": "Inner",
          "Startup Cost": 0.29,
          "Total Cost": 11640.91,
          "Plan Rows": 2898,
          "Plan Width": 16,
          "Actual Rows": 4001,
          "Actual Loops": 1,
          "Inner Unique": false,
          "Join Filter": "private.training_material_entry_selected_v1(material_entry.language_code, material_entry.dictionary_id, material_filter.filter_data)",
          "Rows Removed by Join Filter": 0,
          "Shared Hit Blocks": 20847,
          "Shared Read Blocks": 0,
          "Shared Dirtied Blocks": 0,
          "Shared Written Blocks": 0,
          "Local Hit Blocks": 0,
          "Local Read Blocks": 0,
          "Local Dirtied Blocks": 0,
          "Local Written Blocks": 0,
          "Temp Read Blocks": 0,
          "Temp Written Blocks": 0,
          "Plans": [
            {
              "Node Type": "CTE Scan",
              "Parent Relationship": "Outer",
              "Parallel Aware": false,
              "Async Capable": false,
              "CTE Name": "filter_values",
              "Alias": "material_filter",
              "Startup Cost": 0.00,
              "Total Cost": 0.02,
              "Plan Rows": 1,
              "Plan Width": 32,
              "Actual Rows": 1,
              "Actual Loops": 1,
              "Shared Hit Blocks": 0,
              "Shared Read Blocks": 0,
              "Shared Dirtied Blocks": 0,
              "Shared Written Blocks": 0,
              "Local Hit Blocks": 0,
              "Local Read Blocks": 0,
              "Local Dirtied Blocks": 0,
              "Local Written Blocks": 0,
              "Temp Read Blocks": 0,
              "Temp Written Blocks": 0
            },
            {
              "Node Type": "Nested Loop",
              "Parent Relationship": "Inner",
              "Parallel Aware": false,
              "Async Capable": false,
              "Join Type": "Inner",
              "Startup Cost": 0.29,
              "Total Cost": 9380.45,
              "Plan Rows": 8694,
              "Plan Width": 35,
              "Actual Rows": 4001,
              "Actual Loops": 1,
              "Inner Unique": true,
              "Shared Hit Blocks": 20847,
              "Shared Read Blocks": 0,
              "Shared Dirtied Blocks": 0,
              "Shared Written Blocks": 0,
              "Local Hit Blocks": 0,
              "Local Read Blocks": 0,
              "Local Dirtied Blocks": 0,
              "Local Written Blocks": 0,
              "Temp Read Blocks": 0,
              "Temp Written Blocks": 0,
              "Plans": [
                {
                  "Node Type": "CTE Scan",
                  "Parent Relationship": "Outer",
                  "Parallel Aware": false,
                  "Async Capable": false,
                  "CTE Name": "raw_scope",
                  "Alias": "raw_scope",
                  "Startup Cost": 0.00,
                  "Total Cost": 173.88,
                  "Plan Rows": 8694,
                  "Plan Width": 16,
                  "Actual Rows": 4001,
                  "Actual Loops": 1,
                  "Shared Hit Blocks": 8844,
                  "Shared Read Blocks": 0,
                  "Shared Dirtied Blocks": 0,
                  "Shared Written Blocks": 0,
                  "Local Hit Blocks": 0,
                  "Local Read Blocks": 0,
                  "Local Dirtied Blocks": 0,
                  "Local Written Blocks": 0,
                  "Temp Read Blocks": 0,
                  "Temp Written Blocks": 0
                },
                {
                  "Node Type": "Index Scan",
                  "Parent Relationship": "Inner",
                  "Parallel Aware": false,
                  "Async Capable": false,
                  "Scan Direction": "Forward",
                  "Index Name": "word_entries_pkey",
                  "Relation Name": "word_entries",
                  "Alias": "material_entry",
                  "Startup Cost": 0.29,
                  "Total Cost": 1.06,
                  "Plan Rows": 1,
                  "Plan Width": 35,
                  "Actual Rows": 1,
                  "Actual Loops": 4001,
                  "Index Cond": "(id = raw_scope.id)",
                  "Rows Removed by Index Recheck": 0,
                  "Shared Hit Blocks": 12003,
                  "Shared Read Blocks": 0,
                  "Shared Dirtied Blocks": 0,
                  "Shared Written Blocks": 0,
                  "Local Hit Blocks": 0,
                  "Local Read Blocks": 0,
                  "Local Dirtied Blocks": 0,
                  "Local Written Blocks": 0,
                  "Temp Read Blocks": 0,
                  "Temp Written Blocks": 0
                }
              ]
            }
          ]
        },
        {
          "Node Type": "Unique",
          "Parent Relationship": "InitPlan",
          "Subplan Name": "CTE study_day_new_words",
          "Parallel Aware": false,
          "Async Capable": false,
          "Startup Cost": 2.57,
          "Total Cost": 2.57,
          "Plan Rows": 1,
          "Plan Width": 16,
          "Actual Rows": 91,
          "Actual Loops": 1,
          "Shared Hit Blocks": 53,
          "Shared Read Blocks": 0,
          "Shared Dirtied Blocks": 0,
          "Shared Written Blocks": 0,
          "Local Hit Blocks": 0,
          "Local Read Blocks": 0,
          "Local Dirtied Blocks": 0,
          "Local Written Blocks": 0,
          "Temp Read Blocks": 0,
          "Temp Written Blocks": 0,
          "Plans": [
            {
              "Node Type": "Sort",
              "Parent Relationship": "Outer",
              "Parallel Aware": false,
              "Async Capable": false,
              "Startup Cost": 2.57,
              "Total Cost": 2.57,
              "Plan Rows": 1,
              "Plan Width": 16,
              "Actual Rows": 91,
              "Actual Loops": 1,
              "Sort Key": ["log_1.word_id"],
              "Sort Method": "quicksort",
              "Sort Space Used": 25,
              "Sort Space Type": "Memory",
              "Shared Hit Blocks": 53,
              "Shared Read Blocks": 0,
              "Shared Dirtied Blocks": 0,
              "Shared Written Blocks": 0,
              "Local Hit Blocks": 0,
              "Local Read Blocks": 0,
              "Local Dirtied Blocks": 0,
              "Local Written Blocks": 0,
              "Temp Read Blocks": 0,
              "Temp Written Blocks": 0,
              "Plans": [
                {
                  "Node Type": "Nested Loop",
                  "Parent Relationship": "Outer",
                  "Parallel Aware": false,
                  "Async Capable": false,
                  "Join Type": "Inner",
                  "Startup Cost": 0.29,
                  "Total Cost": 2.56,
                  "Plan Rows": 1,
                  "Plan Width": 16,
                  "Actual Rows": 91,
                  "Actual Loops": 1,
                  "Inner Unique": false,
                  "Join Filter": "((log_1.reviewed_at >= filter_values_7.study_day_start) AND (log_1.reviewed_at < filter_values_7.study_day_end) AND (log_1.mode = ANY (filter_values_7.modes)))",
                  "Rows Removed by Join Filter": 93,
                  "Shared Hit Blocks": 53,
                  "Shared Read Blocks": 0,
                  "Shared Dirtied Blocks": 0,
                  "Shared Written Blocks": 0,
                  "Local Hit Blocks": 0,
                  "Local Read Blocks": 0,
                  "Local Dirtied Blocks": 0,
                  "Local Written Blocks": 0,
                  "Temp Read Blocks": 0,
                  "Temp Written Blocks": 0,
                  "Plans": [
                    {
                      "Node Type": "Index Scan",
                      "Parent Relationship": "Outer",
                      "Parallel Aware": false,
                      "Async Capable": false,
                      "Scan Direction": "Forward",
                      "Index Name": "user_review_log_user_idx",
                      "Relation Name": "user_review_log",
                      "Alias": "log_1",
                      "Startup Cost": 0.29,
                      "Total Cost": 2.51,
                      "Plan Rows": 1,
                      "Plan Width": 43,
                      "Actual Rows": 184,
                      "Actual Loops": 1,
                      "Index Cond": "(user_id = (current_setting('lat.qa'::text))::uuid)",
                      "Rows Removed by Index Recheck": 0,
                      "Filter": "(review_type = 'new'::text)",
                      "Rows Removed by Filter": 0,
                      "Shared Hit Blocks": 53,
                      "Shared Read Blocks": 0,
                      "Shared Dirtied Blocks": 0,
                      "Shared Written Blocks": 0,
                      "Local Hit Blocks": 0,
                      "Local Read Blocks": 0,
                      "Local Dirtied Blocks": 0,
                      "Local Written Blocks": 0,
                      "Temp Read Blocks": 0,
                      "Temp Written Blocks": 0
                    },
                    {
                      "Node Type": "CTE Scan",
                      "Parent Relationship": "Inner",
                      "Parallel Aware": false,
                      "Async Capable": false,
                      "CTE Name": "filter_values",
                      "Alias": "filter_values_7",
                      "Startup Cost": 0.00,
                      "Total Cost": 0.02,
                      "Plan Rows": 1,
                      "Plan Width": 48,
                      "Actual Rows": 1,
                      "Actual Loops": 184,
                      "Shared Hit Blocks": 0,
                      "Shared Read Blocks": 0,
                      "Shared Dirtied Blocks": 0,
                      "Shared Written Blocks": 0,
                      "Local Hit Blocks": 0,
                      "Local Read Blocks": 0,
                      "Local Dirtied Blocks": 0,
                      "Local Written Blocks": 0,
                      "Temp Read Blocks": 0,
                      "Temp Written Blocks": 0
                    }
                  ]
                }
              ]
            }
          ]
        },
        {
          "Node Type": "Unique",
          "Parent Relationship": "InitPlan",
          "Subplan Name": "CTE study_day_new_cards",
          "Parallel Aware": false,
          "Async Capable": false,
          "Startup Cost": 2.57,
          "Total Cost": 2.58,
          "Plan Rows": 1,
          "Plan Width": 35,
          "Actual Rows": 91,
          "Actual Loops": 1,
          "Shared Hit Blocks": 53,
          "Shared Read Blocks": 0,
          "Shared Dirtied Blocks": 0,
          "Shared Written Blocks": 0,
          "Local Hit Blocks": 0,
          "Local Read Blocks": 0,
          "Local Dirtied Blocks": 0,
          "Local Written Blocks": 0,
          "Temp Read Blocks": 0,
          "Temp Written Blocks": 0,
          "Plans": [
            {
              "Node Type": "Sort",
              "Parent Relationship": "Outer",
              "Parallel Aware": false,
              "Async Capable": false,
              "Startup Cost": 2.57,
              "Total Cost": 2.57,
              "Plan Rows": 1,
              "Plan Width": 35,
              "Actual Rows": 91,
              "Actual Loops": 1,
              "Sort Key": ["log_2.word_id", "log_2.mode"],
              "Sort Method": "quicksort",
              "Sort Space Used": 29,
              "Sort Space Type": "Memory",
              "Shared Hit Blocks": 53,
              "Shared Read Blocks": 0,
              "Shared Dirtied Blocks": 0,
              "Shared Written Blocks": 0,
              "Local Hit Blocks": 0,
              "Local Read Blocks": 0,
              "Local Dirtied Blocks": 0,
              "Local Written Blocks": 0,
              "Temp Read Blocks": 0,
              "Temp Written Blocks": 0,
              "Plans": [
                {
                  "Node Type": "Nested Loop",
                  "Parent Relationship": "Outer",
                  "Parallel Aware": false,
                  "Async Capable": false,
                  "Join Type": "Inner",
                  "Startup Cost": 0.29,
                  "Total Cost": 2.56,
                  "Plan Rows": 1,
                  "Plan Width": 35,
                  "Actual Rows": 91,
                  "Actual Loops": 1,
                  "Inner Unique": false,
                  "Join Filter": "((log_2.reviewed_at >= filter_values_8.study_day_start) AND (log_2.reviewed_at < filter_values_8.study_day_end) AND (log_2.mode = ANY (filter_values_8.modes)))",
                  "Rows Removed by Join Filter": 93,
                  "Shared Hit Blocks": 53,
                  "Shared Read Blocks": 0,
                  "Shared Dirtied Blocks": 0,
                  "Shared Written Blocks": 0,
                  "Local Hit Blocks": 0,
                  "Local Read Blocks": 0,
                  "Local Dirtied Blocks": 0,
                  "Local Written Blocks": 0,
                  "Temp Read Blocks": 0,
                  "Temp Written Blocks": 0,
                  "Plans": [
                    {
                      "Node Type": "Index Scan",
                      "Parent Relationship": "Outer",
                      "Parallel Aware": false,
                      "Async Capable": false,
                      "Scan Direction": "Forward",
                      "Index Name": "user_review_log_user_idx",
                      "Relation Name": "user_review_log",
                      "Alias": "log_2",
                      "Startup Cost": 0.29,
                      "Total Cost": 2.51,
                      "Plan Rows": 1,
                      "Plan Width": 43,
                      "Actual Rows": 184,
                      "Actual Loops": 1,
                      "Index Cond": "(user_id = (current_setting('lat.qa'::text))::uuid)",
                      "Rows Removed by Index Recheck": 0,
                      "Filter": "(review_type = 'new'::text)",
                      "Rows Removed by Filter": 0,
                      "Shared Hit Blocks": 53,
                      "Shared Read Blocks": 0,
                      "Shared Dirtied Blocks": 0,
                      "Shared Written Blocks": 0,
                      "Local Hit Blocks": 0,
                      "Local Read Blocks": 0,
                      "Local Dirtied Blocks": 0,
                      "Local Written Blocks": 0,
                      "Temp Read Blocks": 0,
                      "Temp Written Blocks": 0
                    },
                    {
                      "Node Type": "CTE Scan",
                      "Parent Relationship": "Inner",
                      "Parallel Aware": false,
                      "Async Capable": false,
                      "CTE Name": "filter_values",
                      "Alias": "filter_values_8",
                      "Startup Cost": 0.00,
                      "Total Cost": 0.02,
                      "Plan Rows": 1,
                      "Plan Width": 48,
                      "Actual Rows": 1,
                      "Actual Loops": 184,
                      "Shared Hit Blocks": 0,
                      "Shared Read Blocks": 0,
                      "Shared Dirtied Blocks": 0,
                      "Shared Written Blocks": 0,
                      "Local Hit Blocks": 0,
                      "Local Read Blocks": 0,
                      "Local Dirtied Blocks": 0,
                      "Local Written Blocks": 0,
                      "Temp Read Blocks": 0,
                      "Temp Written Blocks": 0
                    }
                  ]
                }
              ]
            }
          ]
        },
        {
          "Node Type": "Nested Loop",
          "Parent Relationship": "InitPlan",
          "Subplan Name": "CTE known_cards",
          "Parallel Aware": false,
          "Async Capable": false,
          "Join Type": "Inner",
          "Startup Cost": 0.28,
          "Total Cost": 2.17,
          "Plan Rows": 1,
          "Plan Width": 35,
          "Actual Rows": 0,
          "Actual Loops": 1,
          "Inner Unique": false,
          "Join Filter": "(known.card_type_id = ANY (filter_values_9.modes))",
          "Rows Removed by Join Filter": 0,
          "Shared Hit Blocks": 2,
          "Shared Read Blocks": 0,
          "Shared Dirtied Blocks": 0,
          "Shared Written Blocks": 0,
          "Local Hit Blocks": 0,
          "Local Read Blocks": 0,
          "Local Dirtied Blocks": 0,
          "Local Written Blocks": 0,
          "Temp Read Blocks": 0,
          "Temp Written Blocks": 0,
          "Plans": [
            {
              "Node Type": "Index Scan",
              "Parent Relationship": "Outer",
              "Parallel Aware": false,
              "Async Capable": false,
              "Scan Direction": "Forward",
              "Index Name": "user_card_known_marks_target_history_idx",
              "Relation Name": "user_card_known_marks",
              "Alias": "known",
              "Startup Cost": 0.28,
              "Total Cost": 2.13,
              "Plan Rows": 1,
              "Plan Width": 35,
              "Actual Rows": 0,
              "Actual Loops": 1,
              "Index Cond": "(user_id = (current_setting('lat.qa'::text))::uuid)",
              "Rows Removed by Index Recheck": 0,
              "Filter": "(cleared_at IS NULL)",
              "Rows Removed by Filter": 0,
              "Shared Hit Blocks": 2,
              "Shared Read Blocks": 0,
              "Shared Dirtied Blocks": 0,
              "Shared Written Blocks": 0,
              "Local Hit Blocks": 0,
              "Local Read Blocks": 0,
              "Local Dirtied Blocks": 0,
              "Local Written Blocks": 0,
              "Temp Read Blocks": 0,
              "Temp Written Blocks": 0
            },
            {
              "Node Type": "CTE Scan",
              "Parent Relationship": "Inner",
              "Parallel Aware": false,
              "Async Capable": false,
              "CTE Name": "filter_values",
              "Alias": "filter_values_9",
              "Startup Cost": 0.00,
              "Total Cost": 0.02,
              "Plan Rows": 1,
              "Plan Width": 32,
              "Actual Rows": 0,
              "Actual Loops": 0,
              "Shared Hit Blocks": 0,
              "Shared Read Blocks": 0,
              "Shared Dirtied Blocks": 0,
              "Shared Written Blocks": 0,
              "Local Hit Blocks": 0,
              "Local Read Blocks": 0,
              "Local Dirtied Blocks": 0,
              "Local Written Blocks": 0,
              "Temp Read Blocks": 0,
              "Temp Written Blocks": 0
            }
          ]
        },
        {
          "Node Type": "Nested Loop",
          "Parent Relationship": "InitPlan",
          "Subplan Name": "CTE learner_status",
          "Parallel Aware": false,
          "Async Capable": false,
          "Join Type": "Inner",
          "Startup Cost": 0.29,
          "Total Cost": 100.91,
          "Plan Rows": 19,
          "Plan Width": 180,
          "Actual Rows": 190,
          "Actual Loops": 1,
          "Inner Unique": false,
          "Join Filter": "(status.card_type_id = ANY (filter_values_10.modes))",
          "Rows Removed by Join Filter": 190,
          "Shared Hit Blocks": 155,
          "Shared Read Blocks": 0,
          "Shared Dirtied Blocks": 0,
          "Shared Written Blocks": 0,
          "Local Hit Blocks": 0,
          "Local Read Blocks": 0,
          "Local Dirtied Blocks": 0,
          "Local Written Blocks": 0,
          "Temp Read Blocks": 0,
          "Temp Written Blocks": 0,
          "Plans": [
            {
              "Node Type": "CTE Scan",
              "Parent Relationship": "Outer",
              "Parallel Aware": false,
              "Async Capable": false,
              "CTE Name": "filter_values",
              "Alias": "filter_values_10",
              "Startup Cost": 0.00,
              "Total Cost": 0.02,
              "Plan Rows": 1,
              "Plan Width": 32,
              "Actual Rows": 1,
              "Actual Loops": 1,
              "Shared Hit Blocks": 0,
              "Shared Read Blocks": 0,
              "Shared Dirtied Blocks": 0,
              "Shared Written Blocks": 0,
              "Local Hit Blocks": 0,
              "Local Read Blocks": 0,
              "Local Dirtied Blocks": 0,
              "Local Written Blocks": 0,
              "Temp Read Blocks": 0,
              "Temp Written Blocks": 0
            },
            {
              "Node Type": "Index Scan",
              "Parent Relationship": "Inner",
              "Parallel Aware": false,
              "Async Capable": false,
              "Scan Direction": "Forward",
              "Index Name": "user_card_status_clicks_idx",
              "Relation Name": "user_card_status",
              "Alias": "status",
              "Startup Cost": 0.29,
              "Total Cost": 92.34,
              "Plan Rows": 380,
              "Plan Width": 180,
              "Actual Rows": 380,
              "Actual Loops": 1,
              "Index Cond": "(user_id = (current_setting('lat.qa'::text))::uuid)",
              "Rows Removed by Index Recheck": 0,
              "Shared Hit Blocks": 155,
              "Shared Read Blocks": 0,
              "Shared Dirtied Blocks": 0,
              "Shared Written Blocks": 0,
              "Local Hit Blocks": 0,
              "Local Read Blocks": 0,
              "Local Dirtied Blocks": 0,
              "Local Written Blocks": 0,
              "Temp Read Blocks": 0,
              "Temp Written Blocks": 0
            }
          ]
        },
        {
          "Node Type": "Seq Scan",
          "Parent Relationship": "InitPlan",
          "Subplan Name": "CTE unrenderable_direct_entries",
          "Parallel Aware": false,
          "Async Capable": false,
          "Relation Name": "unrenderable_ordinary_direct_entries_v1",
          "Alias": "unrenderable_ordinary_direct_entries_v1",
          "Startup Cost": 0.00,
          "Total Cost": 13.68,
          "Plan Rows": 568,
          "Plan Width": 16,
          "Actual Rows": 568,
          "Actual Loops": 1,
          "Shared Hit Blocks": 8,
          "Shared Read Blocks": 0,
          "Shared Dirtied Blocks": 0,
          "Shared Written Blocks": 0,
          "Local Hit Blocks": 0,
          "Local Read Blocks": 0,
          "Local Dirtied Blocks": 0,
          "Local Written Blocks": 0,
          "Temp Read Blocks": 0,
          "Temp Written Blocks": 0
        },
        {
          "Node Type": "Seq Scan",
          "Parent Relationship": "InitPlan",
          "Subplan Name": "CTE active_source_bindings",
          "Parallel Aware": false,
          "Async Capable": false,
          "Relation Name": "source_entry_bindings",
          "Alias": "binding",
          "Startup Cost": 0.00,
          "Total Cost": 3956.04,
          "Plan Rows": 18163,
          "Plan Width": 129,
          "Actual Rows": 18203,
          "Actual Loops": 1,
          "Filter": "(binding_state = 'active'::text)",
          "Rows Removed by Filter": 0,
          "Shared Hit Blocks": 3729,
          "Shared Read Blocks": 0,
          "Shared Dirtied Blocks": 0,
          "Shared Written Blocks": 0,
          "Local Hit Blocks": 0,
          "Local Read Blocks": 0,
          "Local Dirtied Blocks": 0,
          "Local Written Blocks": 0,
          "Temp Read Blocks": 0,
          "Temp Written Blocks": 0
        },
        {
          "Node Type": "CTE Scan",
          "Parent Relationship": "InitPlan",
          "Subplan Name": "CTE source_bound_entries",
          "Parallel Aware": false,
          "Async Capable": false,
          "CTE Name": "active_source_bindings",
          "Alias": "binding_1",
          "Startup Cost": 0.00,
          "Total Cost": 363.26,
          "Plan Rows": 18163,
          "Plan Width": 16,
          "Actual Rows": 18203,
          "Actual Loops": 1,
          "Shared Hit Blocks": 3729,
          "Shared Read Blocks": 0,
          "Shared Dirtied Blocks": 0,
          "Shared Written Blocks": 0,
          "Local Hit Blocks": 0,
          "Local Read Blocks": 0,
          "Local Dirtied Blocks": 0,
          "Local Written Blocks": 0,
          "Temp Read Blocks": 0,
          "Temp Written Blocks": 315
        },
        {
          "Node Type": "Index Only Scan",
          "Parent Relationship": "InitPlan",
          "Subplan Name": "CTE active_source_definitions",
          "Parallel Aware": false,
          "Async Capable": false,
          "Scan Direction": "Forward",
          "Index Name": "platform_v2_content_nodes_active_root_kind_entry_idx",
          "Relation Name": "platform_v2_content_nodes",
          "Alias": "definition",
          "Startup Cost": 0.41,
          "Total Cost": 921.62,
          "Plan Rows": 15545,
          "Plan Width": 16,
          "Actual Rows": 16985,
          "Actual Loops": 1,
          "Index Cond": "(kind = 'definition'::text)",
          "Rows Removed by Index Recheck": 0,
          "Heap Fetches": 1011,
          "Shared Hit Blocks": 913,
          "Shared Read Blocks": 0,
          "Shared Dirtied Blocks": 0,
          "Shared Written Blocks": 0,
          "Local Hit Blocks": 0,
          "Local Read Blocks": 0,
          "Local Dirtied Blocks": 0,
          "Local Written Blocks": 0,
          "Temp Read Blocks": 0,
          "Temp Written Blocks": 0
        },
        {
          "Node Type": "WindowAgg",
          "Parent Relationship": "InitPlan",
          "Subplan Name": "CTE ordinary_source_introductions",
          "Parallel Aware": false,
          "Async Capable": false,
          "Startup Cost": 1651.73,
          "Total Cost": 1651.76,
          "Plan Rows": 1,
          "Plan Width": 116,
          "Actual Rows": 3486,
          "Actual Loops": 1,
          "Shared Hit Blocks": 913,
          "Shared Read Blocks": 0,
          "Shared Dirtied Blocks": 0,
          "Shared Written Blocks": 0,
          "Local Hit Blocks": 0,
          "Local Read Blocks": 0,
          "Local Dirtied Blocks": 0,
          "Local Written Blocks": 0,
          "Temp Read Blocks": 632,
          "Temp Written Blocks": 1,
          "Plans": [
            {
              "Node Type": "Sort",
              "Parent Relationship": "Outer",
              "Parallel Aware": false,
              "Async Capable": false,
              "Startup Cost": 1651.73,
              "Total Cost": 1651.73,
              "Plan Rows": 1,
              "Plan Width": 100,
              "Actual Rows": 3486,
              "Actual Loops": 1,
              "Sort Key": ["binding_2.dictionary_id", "binding_2.identity_scheme_version", "binding_2.source_group_key", "binding_2.sense_ordinal", "binding_2.word_entry_id"],
              "Sort Method": "quicksort",
              "Sort Space Used": 614,
              "Sort Space Type": "Memory",
              "Shared Hit Blocks": 913,
              "Shared Read Blocks": 0,
              "Shared Dirtied Blocks": 0,
              "Shared Written Blocks": 0,
              "Local Hit Blocks": 0,
              "Local Read Blocks": 0,
              "Local Dirtied Blocks": 0,
              "Local Written Blocks": 0,
              "Temp Read Blocks": 632,
              "Temp Written Blocks": 1,
              "Plans": [
                {
                  "Node Type": "Hash Join",
                  "Parent Relationship": "Outer",
                  "Parallel Aware": false,
                  "Async Capable": false,
                  "Join Type": "Inner",
                  "Startup Cost": 1282.52,
                  "Total Cost": 1651.72,
                  "Plan Rows": 1,
                  "Plan Width": 100,
                  "Actual Rows": 3486,
                  "Actual Loops": 1,
                  "Inner Unique": false,
                  "Hash Cond": "(definition_1.entry_id = binding_2.word_entry_id)",
                  "Shared Hit Blocks": 913,
                  "Shared Read Blocks": 0,
                  "Shared Dirtied Blocks": 0,
                  "Shared Written Blocks": 0,
                  "Local Hit Blocks": 0,
                  "Local Read Blocks": 0,
                  "Local Dirtied Blocks": 0,
                  "Local Written Blocks": 0,
                  "Temp Read Blocks": 632,
                  "Temp Written Blocks": 1,
                  "Plans": [
                    {
                      "Node Type": "CTE Scan",
                      "Parent Relationship": "Outer",
                      "Parallel Aware": false,
                      "Async Capable": false,
                      "CTE Name": "active_source_definitions",
                      "Alias": "definition_1",
                      "Startup Cost": 0.00,
                      "Total Cost": 310.90,
                      "Plan Rows": 15545,
                      "Plan Width": 16,
                      "Actual Rows": 16985,
                      "Actual Loops": 1,
                      "Shared Hit Blocks": 913,
                      "Shared Read Blocks": 0,
                      "Shared Dirtied Blocks": 0,
                      "Shared Written Blocks": 0,
                      "Local Hit Blocks": 0,
                      "Local Read Blocks": 0,
                      "Local Dirtied Blocks": 0,
                      "Local Written Blocks": 0,
                      "Temp Read Blocks": 0,
                      "Temp Written Blocks": 0
                    },
                    {
                      "Node Type": "Hash",
                      "Parent Relationship": "Inner",
                      "Parallel Aware": false,
                      "Async Capable": false,
                      "Startup Cost": 1282.50,
                      "Total Cost": 1282.50,
                      "Plan Rows": 1,
                      "Plan Width": 100,
                      "Actual Rows": 3882,
                      "Actual Loops": 1,
                      "Hash Buckets": 4096,
                      "Original Hash Buckets": 1024,
                      "Hash Batches": 1,
                      "Original Hash Batches": 1,
                      "Peak Memory Usage": 643,
                      "Shared Hit Blocks": 0,
                      "Shared Read Blocks": 0,
                      "Shared Dirtied Blocks": 0,
                      "Shared Written Blocks": 0,
                      "Local Hit Blocks": 0,
                      "Local Read Blocks": 0,
                      "Local Dirtied Blocks": 0,
                      "Local Written Blocks": 0,
                      "Temp Read Blocks": 632,
                      "Temp Written Blocks": 1,
                      "Plans": [
                        {
                          "Node Type": "Hash Join",
                          "Parent Relationship": "Outer",
                          "Parallel Aware": false,
                          "Async Capable": false,
                          "Join Type": "Inner",
                          "Startup Cost": 802.32,
                          "Total Cost": 1282.50,
                          "Plan Rows": 1,
                          "Plan Width": 100,
                          "Actual Rows": 3882,
                          "Actual Loops": 1,
                          "Inner Unique": true,
                          "Hash Cond": "((binding_2.dictionary_id = binding_3.dictionary_id) AND (binding_2.identity_scheme_version = binding_3.identity_scheme_version) AND (binding_2.source_group_key = binding_3.source_group_key))",
                          "Shared Hit Blocks": 0,
                          "Shared Read Blocks": 0,
                          "Shared Dirtied Blocks": 0,
                          "Shared Written Blocks": 0,
                          "Local Hit Blocks": 0,
                          "Local Read Blocks": 0,
                          "Local Dirtied Blocks": 0,
                          "Local Written Blocks": 0,
                          "Temp Read Blocks": 632,
                          "Temp Written Blocks": 1,
                          "Plans": [
                            {
                              "Node Type": "CTE Scan",
                              "Parent Relationship": "Outer",
                              "Parallel Aware": false,
                              "Async Capable": false,
                              "CTE Name": "active_source_bindings",
                              "Alias": "binding_2",
                              "Startup Cost": 12.78,
                              "Total Cost": 421.45,
                              "Plan Rows": 9082,
                              "Plan Width": 100,
                              "Actual Rows": 17635,
                              "Actual Loops": 1,
                              "Filter": "(NOT (ANY (word_entry_id = (hashed SubPlan 25).col1)))",
                              "Rows Removed by Filter": 568,
                              "Shared Hit Blocks": 0,
                              "Shared Read Blocks": 0,
                              "Shared Dirtied Blocks": 0,
                              "Shared Written Blocks": 0,
                              "Local Hit Blocks": 0,
                              "Local Read Blocks": 0,
                              "Local Dirtied Blocks": 0,
                              "Local Written Blocks": 0,
                              "Temp Read Blocks": 317,
                              "Temp Written Blocks": 1,
                              "Plans": [
                                {
                                  "Node Type": "CTE Scan",
                                  "Parent Relationship": "SubPlan",
                                  "Subplan Name": "SubPlan 25",
                                  "Parallel Aware": false,
                                  "Async Capable": false,
                                  "CTE Name": "unrenderable_direct_entries",
                                  "Alias": "unrenderable",
                                  "Startup Cost": 0.00,
                                  "Total Cost": 11.36,
                                  "Plan Rows": 568,
                                  "Plan Width": 16,
                                  "Actual Rows": 568,
                                  "Actual Loops": 1,
                                  "Shared Hit Blocks": 0,
                                  "Shared Read Blocks": 0,
                                  "Shared Dirtied Blocks": 0,
                                  "Shared Written Blocks": 0,
                                  "Local Hit Blocks": 0,
                                  "Local Read Blocks": 0,
                                  "Local Dirtied Blocks": 0,
                                  "Local Written Blocks": 0,
                                  "Temp Read Blocks": 0,
                                  "Temp Written Blocks": 0
                                }
                              ]
                            },
                            {
                              "Node Type": "Hash",
                              "Parent Relationship": "Inner",
                              "Parallel Aware": false,
                              "Async Capable": false,
                              "Startup Cost": 738.82,
                              "Total Cost": 738.82,
                              "Plan Rows": 2898,
                              "Plan Width": 80,
                              "Actual Rows": 2361,
                              "Actual Loops": 1,
                              "Hash Buckets": 4096,
                              "Original Hash Buckets": 4096,
                              "Hash Batches": 1,
                              "Original Hash Batches": 1,
                              "Peak Memory Usage": 358,
                              "Shared Hit Blocks": 0,
                              "Shared Read Blocks": 0,
                              "Shared Dirtied Blocks": 0,
                              "Shared Written Blocks": 0,
                              "Local Hit Blocks": 0,
                              "Local Read Blocks": 0,
                              "Local Dirtied Blocks": 0,
                              "Local Written Blocks": 0,
                              "Temp Read Blocks": 315,
                              "Temp Written Blocks": 0,
                              "Plans": [
                                {
                                  "Node Type": "Aggregate",
                                  "Strategy": "Hashed",
                                  "Partial Mode": "Simple",
                                  "Parent Relationship": "Outer",
                                  "Parallel Aware": false,
                                  "Async Capable": false,
                                  "Startup Cost": 709.84,
                                  "Total Cost": 738.82,
                                  "Plan Rows": 2898,
                                  "Plan Width": 80,
                                  "Actual Rows": 2361,
                                  "Actual Loops": 1,
                                  "Group Key": ["binding_3.dictionary_id", "binding_3.identity_scheme_version", "binding_3.source_group_key"],
                                  "Planned Partitions": 0,
                                  "HashAgg Batches": 1,
                                  "Peak Memory Usage": 497,
                                  "Disk Usage": 0,
                                  "Shared Hit Blocks": 0,
                                  "Shared Read Blocks": 0,
                                  "Shared Dirtied Blocks": 0,
                                  "Shared Written Blocks": 0,
                                  "Local Hit Blocks": 0,
                                  "Local Read Blocks": 0,
                                  "Local Dirtied Blocks": 0,
                                  "Local Written Blocks": 0,
                                  "Temp Read Blocks": 315,
                                  "Temp Written Blocks": 0,
                                  "Plans": [
                                    {
                                      "Node Type": "Hash Join",
                                      "Parent Relationship": "Outer",
                                      "Parallel Aware": false,
                                      "Async Capable": false,
                                      "Join Type": "Inner",
                                      "Startup Cost": 590.30,
                                      "Total Cost": 688.11,
                                      "Plan Rows": 2898,
                                      "Plan Width": 80,
                                      "Actual Rows": 4001,
                                      "Actual Loops": 1,
                                      "Inner Unique": false,
                                      "Hash Cond": "(scope.id = binding_3.word_entry_id)",
                                      "Shared Hit Blocks": 0,
                                      "Shared Read Blocks": 0,
                                      "Shared Dirtied Blocks": 0,
                                      "Shared Written Blocks": 0,
                                      "Local Hit Blocks": 0,
                                      "Local Read Blocks": 0,
                                      "Local Dirtied Blocks": 0,
                                      "Local Written Blocks": 0,
                                      "Temp Read Blocks": 315,
                                      "Temp Written Blocks": 0,
                                      "Plans": [
                                        {
                                          "Node Type": "CTE Scan",
                                          "Parent Relationship": "Outer",
                                          "Parallel Aware": false,
                                          "Async Capable": false,
                                          "CTE Name": "scope",
                                          "Alias": "scope",
                                          "Startup Cost": 0.00,
                                          "Total Cost": 57.96,
                                          "Plan Rows": 2898,
                                          "Plan Width": 16,
                                          "Actual Rows": 4001,
                                          "Actual Loops": 1,
                                          "Shared Hit Blocks": 0,
                                          "Shared Read Blocks": 0,
                                          "Shared Dirtied Blocks": 0,
                                          "Shared Written Blocks": 0,
                                          "Local Hit Blocks": 0,
                                          "Local Read Blocks": 0,
                                          "Local Dirtied Blocks": 0,
                                          "Local Written Blocks": 0,
                                          "Temp Read Blocks": 0,
                                          "Temp Written Blocks": 0
                                        },
                                        {
                                          "Node Type": "Hash",
                                          "Parent Relationship": "Inner",
                                          "Parallel Aware": false,
                                          "Async Capable": false,
                                          "Startup Cost": 363.26,
                                          "Total Cost": 363.26,
                                          "Plan Rows": 18163,
                                          "Plan Width": 96,
                                          "Actual Rows": 18203,
                                          "Actual Loops": 1,
                                          "Hash Buckets": 32768,
                                          "Original Hash Buckets": 32768,
                                          "Hash Batches": 1,
                                          "Original Hash Batches": 1,
                                          "Peak Memory Usage": 3047,
                                          "Shared Hit Blocks": 0,
                                          "Shared Read Blocks": 0,
                                          "Shared Dirtied Blocks": 0,
                                          "Shared Written Blocks": 0,
                                          "Local Hit Blocks": 0,
                                          "Local Read Blocks": 0,
                                          "Local Dirtied Blocks": 0,
                                          "Local Written Blocks": 0,
                                          "Temp Read Blocks": 315,
                                          "Temp Written Blocks": 0,
                                          "Plans": [
                                            {
                                              "Node Type": "CTE Scan",
                                              "Parent Relationship": "Outer",
                                              "Parallel Aware": false,
                                              "Async Capable": false,
                                              "CTE Name": "active_source_bindings",
                                              "Alias": "binding_3",
                                              "Startup Cost": 0.00,
                                              "Total Cost": 363.26,
                                              "Plan Rows": 18163,
                                              "Plan Width": 96,
                                              "Actual Rows": 18203,
                                              "Actual Loops": 1,
                                              "Shared Hit Blocks": 0,
                                              "Shared Read Blocks": 0,
                                              "Shared Dirtied Blocks": 0,
                                              "Shared Written Blocks": 0,
                                              "Local Hit Blocks": 0,
                                              "Local Read Blocks": 0,
                                              "Local Dirtied Blocks": 0,
                                              "Local Written Blocks": 0,
                                              "Temp Read Blocks": 315,
                                              "Temp Written Blocks": 0
                                            }
                                          ]
                                        }
                                      ]
                                    }
                                  ]
                                }
                              ]
                            }
                          ]
                        }
                      ]
                    }
                  ]
                }
              ]
            }
          ]
        },
        {
          "Node Type": "Hash Join",
          "Parent Relationship": "InitPlan",
          "Subplan Name": "CTE cards",
          "Parallel Aware": false,
          "Async Capable": false,
          "Join Type": "Anti",
          "Startup Cost": 155.35,
          "Total Cost": 79222.20,
          "Plan Rows": 24671,
          "Plan Width": 158,
          "Actual Rows": 4001,
          "Actual Loops": 1,
          "Inner Unique": false,
          "Hash Cond": "(private.training_pair_key_v1('meaning'::text, scope_1.id, NULL::uuid, NULL::text, mode_order.card_type_id) = exclusion_1.pair_key)",
          "Shared Hit Blocks": 21754,
          "Shared Read Blocks": 0,
          "Shared Dirtied Blocks": 0,
          "Shared Written Blocks": 0,
          "Local Hit Blocks": 0,
          "Local Read Blocks": 0,
          "Local Dirtied Blocks": 0,
          "Local Written Blocks": 0,
          "Temp Read Blocks": 0,
          "Temp Written Blocks": 0,
          "Plans": [
            {
              "Node Type": "Hash Join",
              "Parent Relationship": "Outer",
              "Parallel Aware": false,
              "Async Capable": false,
              "Join Type": "Left",
              "Startup Cost": 152.99,
              "Total Cost": 78337.30,
              "Plan Rows": 24795,
              "Plan Width": 186,
              "Actual Rows": 4001,
              "Actual Loops": 1,
              "Inner Unique": false,
              "Hash Cond": "((scope_1.id = study_day_new_cards.word_id) AND (mode_order.card_type_id = study_day_new_cards.card_type_id))",
              "Shared Hit Blocks": 21752,
              "Shared Read Blocks": 0,
              "Shared Dirtied Blocks": 0,
              "Shared Written Blocks": 0,
              "Local Hit Blocks": 0,
              "Local Read Blocks": 0,
              "Local Dirtied Blocks": 0,
              "Local Written Blocks": 0,
              "Temp Read Blocks": 0,
              "Temp Written Blocks": 0,
              "Plans": [
                {
                  "Node Type": "Hash Join",
                  "Parent Relationship": "Outer",
                  "Parallel Aware": false,
                  "Async Capable": false,
                  "Join Type": "Left",
                  "Startup Cost": 152.95,
                  "Total Cost": 78151.18,
                  "Plan Rows": 24795,
                  "Plan Width": 170,
                  "Actual Rows": 4001,
                  "Actual Loops": 1,
                  "Inner Unique": false,
                  "Hash Cond": "(scope_1.id = study_day_new_words.word_id)",
                  "Shared Hit Blocks": 21699,
                  "Shared Read Blocks": 0,
                  "Shared Dirtied Blocks": 0,
                  "Shared Written Blocks": 0,
                  "Local Hit Blocks": 0,
                  "Local Read Blocks": 0,
                  "Local Dirtied Blocks": 0,
                  "Local Written Blocks": 0,
                  "Temp Read Blocks": 0,
                  "Temp Written Blocks": 0,
                  "Plans": [
                    {
                      "Node Type": "Hash Join",
                      "Parent Relationship": "Outer",
                      "Parallel Aware": false,
                      "Async Capable": false,
                      "Join Type": "Left",
                      "Startup Cost": 152.92,
                      "Total Cost": 78056.93,
                      "Plan Rows": 24795,
                      "Plan Width": 154,
                      "Actual Rows": 4001,
                      "Actual Loops": 1,
                      "Inner Unique": false,
                      "Hash Cond": "((scope_1.id = status_1.entry_id) AND (mode_order.card_type_id = status_1.card_type_id))",
                      "Shared Hit Blocks": 21646,
                      "Shared Read Blocks": 0,
                      "Shared Dirtied Blocks": 0,
                      "Shared Written Blocks": 0,
                      "Local Hit Blocks": 0,
                      "Local Read Blocks": 0,
                      "Local Dirtied Blocks": 0,
                      "Local Written Blocks": 0,
                      "Temp Read Blocks": 0,
                      "Temp Written Blocks": 0,
                      "Plans": [
                        {
                          "Node Type": "Hash Join",
                          "Parent Relationship": "Outer",
                          "Parallel Aware": false,
                          "Async Capable": false,
                          "Join Type": "Anti",
                          "Startup Cost": 152.25,
                          "Total Cost": 77805.96,
                          "Plan Rows": 24795,
                          "Plan Width": 88,
                          "Actual Rows": 4001,
                          "Actual Loops": 1,
                          "Inner Unique": false,
                          "Hash Cond": "((scope_1.id = known_cards.entry_id) AND (mode_order.card_type_id = known_cards.card_type_id))",
                          "Shared Hit Blocks": 21491,
                          "Shared Read Blocks": 0,
                          "Shared Dirtied Blocks": 0,
                          "Shared Written Blocks": 0,
                          "Local Hit Blocks": 0,
                          "Local Read Blocks": 0,
                          "Local Dirtied Blocks": 0,
                          "Local Written Blocks": 0,
                          "Temp Read Blocks": 0,
                          "Temp Written Blocks": 0,
                          "Plans": [
                            {
                              "Node Type": "Hash Join",
                              "Parent Relationship": "Outer",
                              "Parallel Aware": false,
                              "Async Capable": false,
                              "Join Type": "Left",
                              "Startup Cost": 152.22,
                              "Total Cost": 77427.71,
                              "Plan Rows": 24807,
                              "Plan Width": 88,
                              "Actual Rows": 4001,
                              "Actual Loops": 1,
                              "Inner Unique": true,
                              "Hash Cond": "((scope_1.id = matched.entry_id) AND (mode_order.card_type_id = matched.card_type_id))",
                              "Shared Hit Blocks": 21489,
                              "Shared Read Blocks": 0,
                              "Shared Dirtied Blocks": 0,
                              "Shared Written Blocks": 0,
                              "Local Hit Blocks": 0,
                              "Local Read Blocks": 0,
                              "Local Dirtied Blocks": 0,
                              "Local Written Blocks": 0,
                              "Temp Read Blocks": 0,
                              "Temp Written Blocks": 0,
                              "Plans": [
                                {
                                  "Node Type": "Nested Loop",
                                  "Parent Relationship": "Outer",
                                  "Parallel Aware": false,
                                  "Async Capable": false,
                                  "Join Type": "Inner",
                                  "Startup Cost": 0.00,
                                  "Total Cost": 77145.10,
                                  "Plan Rows": 24807,
                                  "Plan Width": 64,
                                  "Actual Rows": 4001,
                                  "Actual Loops": 1,
                                  "Inner Unique": false,
                                  "Join Filter": "(((((scope_1.id)::text || ':'::text) || mode_order.card_type_id) <> ALL (filter_values_11.excluded_cards)) AND ((mode_order.card_type_id <> ALL ('{word-to-definition,definition-to-word}'::text[])) OR (NOT (ANY (private.training_headword_group_v1(scope_1.id) = (hashed SubPlan 28).col1)))))",
                                  "Rows Removed by Join Filter": 0,
                                  "Shared Hit Blocks": 20848,
                                  "Shared Read Blocks": 0,
                                  "Shared Dirtied Blocks": 0,
                                  "Shared Written Blocks": 0,
                                  "Local Hit Blocks": 0,
                                  "Local Read Blocks": 0,
                                  "Local Dirtied Blocks": 0,
                                  "Local Written Blocks": 0,
                                  "Temp Read Blocks": 0,
                                  "Temp Written Blocks": 0,
                                  "Plans": [
                                    {
                                      "Node Type": "CTE Scan",
                                      "Parent Relationship": "Outer",
                                      "Parallel Aware": false,
                                      "Async Capable": false,
                                      "CTE Name": "scope",
                                      "Alias": "scope_1",
                                      "Startup Cost": 0.00,
                                      "Total Cost": 57.96,
                                      "Plan Rows": 2898,
                                      "Plan Width": 16,
                                      "Actual Rows": 4001,
                                      "Actual Loops": 1,
                                      "Shared Hit Blocks": 20847,
                                      "Shared Read Blocks": 0,
                                      "Shared Dirtied Blocks": 0,
                                      "Shared Written Blocks": 0,
                                      "Local Hit Blocks": 0,
                                      "Local Read Blocks": 0,
                                      "Local Dirtied Blocks": 0,
                                      "Local Written Blocks": 0,
                                      "Temp Read Blocks": 0,
                                      "Temp Written Blocks": 0
                                    },
                                    {
                                      "Node Type": "Materialize",
                                      "Parent Relationship": "Inner",
                                      "Parallel Aware": false,
                                      "Async Capable": false,
                                      "Startup Cost": 0.00,
                                      "Total Cost": 0.37,
                                      "Plan Rows": 10,
                                      "Plan Width": 80,
                                      "Actual Rows": 1,
                                      "Actual Loops": 4001,
                                      "Shared Hit Blocks": 0,
                                      "Shared Read Blocks": 0,
                                      "Shared Dirtied Blocks": 0,
                                      "Shared Written Blocks": 0,
                                      "Local Hit Blocks": 0,
                                      "Local Read Blocks": 0,
                                      "Local Dirtied Blocks": 0,
                                      "Local Written Blocks": 0,
                                      "Temp Read Blocks": 0,
                                      "Temp Written Blocks": 0,
                                      "Plans": [
                                        {
                                          "Node Type": "Nested Loop",
                                          "Parent Relationship": "Outer",
                                          "Parallel Aware": false,
                                          "Async Capable": false,
                                          "Join Type": "Inner",
                                          "Startup Cost": 0.00,
                                          "Total Cost": 0.32,
                                          "Plan Rows": 10,
                                          "Plan Width": 80,
                                          "Actual Rows": 1,
                                          "Actual Loops": 1,
                                          "Inner Unique": false,
                                          "Shared Hit Blocks": 0,
                                          "Shared Read Blocks": 0,
                                          "Shared Dirtied Blocks": 0,
                                          "Shared Written Blocks": 0,
                                          "Local Hit Blocks": 0,
                                          "Local Read Blocks": 0,
                                          "Local Dirtied Blocks": 0,
                                          "Local Written Blocks": 0,
                                          "Temp Read Blocks": 0,
                                          "Temp Written Blocks": 0,
                                          "Plans": [
                                            {
                                              "Node Type": "CTE Scan",
                                              "Parent Relationship": "Outer",
                                              "Parallel Aware": false,
                                              "Async Capable": false,
                                              "CTE Name": "filter_values",
                                              "Alias": "filter_values_11",
                                              "Startup Cost": 0.00,
                                              "Total Cost": 0.02,
                                              "Plan Rows": 1,
                                              "Plan Width": 40,
                                              "Actual Rows": 1,
                                              "Actual Loops": 1,
                                              "Shared Hit Blocks": 0,
                                              "Shared Read Blocks": 0,
                                              "Shared Dirtied Blocks": 0,
                                              "Shared Written Blocks": 0,
                                              "Local Hit Blocks": 0,
                                              "Local Read Blocks": 0,
                                              "Local Dirtied Blocks": 0,
                                              "Local Written Blocks": 0,
                                              "Temp Read Blocks": 0,
                                              "Temp Written Blocks": 0
                                            },
                                            {
                                              "Node Type": "CTE Scan",
                                              "Parent Relationship": "Inner",
                                              "Parallel Aware": false,
                                              "Async Capable": false,
                                              "CTE Name": "mode_order",
                                              "Alias": "mode_order",
                                              "Startup Cost": 0.00,
                                              "Total Cost": 0.20,
                                              "Plan Rows": 10,
                                              "Plan Width": 40,
                                              "Actual Rows": 1,
                                              "Actual Loops": 1,
                                              "Shared Hit Blocks": 0,
                                              "Shared Read Blocks": 0,
                                              "Shared Dirtied Blocks": 0,
                                              "Shared Written Blocks": 0,
                                              "Local Hit Blocks": 0,
                                              "Local Read Blocks": 0,
                                              "Local Dirtied Blocks": 0,
                                              "Local Written Blocks": 0,
                                              "Temp Read Blocks": 0,
                                              "Temp Written Blocks": 0
                                            }
                                          ]
                                        }
                                      ]
                                    },
                                    {
                                      "Node Type": "Index Only Scan",
                                      "Parent Relationship": "SubPlan",
                                      "Subplan Name": "SubPlan 28",
                                      "Parallel Aware": false,
                                      "Async Capable": false,
                                      "Scan Direction": "Forward",
                                      "Index Name": "training_headword_exclusions_active_idx",
                                      "Relation Name": "training_headword_exclusions",
                                      "Alias": "exclusion",
                                      "Startup Cost": 0.15,
                                      "Total Cost": 2.37,
                                      "Plan Rows": 1,
                                      "Plan Width": 16,
                                      "Actual Rows": 0,
                                      "Actual Loops": 1,
                                      "Index Cond": "(user_id = (current_setting('lat.qa'::text))::uuid)",
                                      "Rows Removed by Index Recheck": 0,
                                      "Heap Fetches": 0,
                                      "Shared Hit Blocks": 1,
                                      "Shared Read Blocks": 0,
                                      "Shared Dirtied Blocks": 0,
                                      "Shared Written Blocks": 0,
                                      "Local Hit Blocks": 0,
                                      "Local Read Blocks": 0,
                                      "Local Dirtied Blocks": 0,
                                      "Local Written Blocks": 0,
                                      "Temp Read Blocks": 0,
                                      "Temp Written Blocks": 0
                                    }
                                  ]
                                },
                                {
                                  "Node Type": "Hash",
                                  "Parent Relationship": "Inner",
                                  "Parallel Aware": false,
                                  "Async Capable": false,
                                  "Startup Cost": 152.20,
                                  "Total Cost": 152.20,
                                  "Plan Rows": 1,
                                  "Plan Width": 43,
                                  "Actual Rows": 190,
                                  "Actual Loops": 1,
                                  "Hash Buckets": 1024,
                                  "Original Hash Buckets": 1024,
                                  "Hash Batches": 1,
                                  "Original Hash Batches": 1,
                                  "Peak Memory Usage": 22,
                                  "Shared Hit Blocks": 641,
                                  "Shared Read Blocks": 0,
                                  "Shared Dirtied Blocks": 0,
                                  "Shared Written Blocks": 0,
                                  "Local Hit Blocks": 0,
                                  "Local Read Blocks": 0,
                                  "Local Dirtied Blocks": 0,
                                  "Local Written Blocks": 0,
                                  "Temp Read Blocks": 0,
                                  "Temp Written Blocks": 0,
                                  "Plans": [
                                    {
                                      "Node Type": "Subquery Scan",
                                      "Parent Relationship": "Outer",
                                      "Parallel Aware": false,
                                      "Async Capable": false,
                                      "Alias": "matched",
                                      "Startup Cost": 152.17,
                                      "Total Cost": 152.20,
                                      "Plan Rows": 1,
                                      "Plan Width": 43,
                                      "Actual Rows": 190,
                                      "Actual Loops": 1,
                                      "Shared Hit Blocks": 641,
                                      "Shared Read Blocks": 0,
                                      "Shared Dirtied Blocks": 0,
                                      "Shared Written Blocks": 0,
                                      "Local Hit Blocks": 0,
                                      "Local Read Blocks": 0,
                                      "Local Dirtied Blocks": 0,
                                      "Local Written Blocks": 0,
                                      "Temp Read Blocks": 0,
                                      "Temp Written Blocks": 0,
                                      "Plans": [
                                        {
                                          "Node Type": "Aggregate",
                                          "Strategy": "Sorted",
                                          "Partial Mode": "Simple",
                                          "Parent Relationship": "Subquery",
                                          "Parallel Aware": false,
                                          "Async Capable": false,
                                          "Startup Cost": 152.17,
                                          "Total Cost": 152.19,
                                          "Plan Rows": 1,
                                          "Plan Width": 43,
                                          "Actual Rows": 190,
                                          "Actual Loops": 1,
                                          "Group Key": ["event.entry_id", "event.card_type_id"],
                                          "Shared Hit Blocks": 641,
                                          "Shared Read Blocks": 0,
                                          "Shared Dirtied Blocks": 0,
                                          "Shared Written Blocks": 0,
                                          "Local Hit Blocks": 0,
                                          "Local Read Blocks": 0,
                                          "Local Dirtied Blocks": 0,
                                          "Local Written Blocks": 0,
                                          "Temp Read Blocks": 0,
                                          "Temp Written Blocks": 0,
                                          "Plans": [
                                            {
                                              "Node Type": "Sort",
                                              "Parent Relationship": "Outer",
                                              "Parallel Aware": false,
                                              "Async Capable": false,
                                              "Startup Cost": 152.17,
                                              "Total Cost": 152.18,
                                              "Plan Rows": 1,
                                              "Plan Width": 43,
                                              "Actual Rows": 367,
                                              "Actual Loops": 1,
                                              "Sort Key": ["event.entry_id", "event.card_type_id"],
                                              "Sort Method": "quicksort",
                                              "Sort Space Used": 47,
                                              "Sort Space Type": "Memory",
                                              "Shared Hit Blocks": 641,
                                              "Shared Read Blocks": 0,
                                              "Shared Dirtied Blocks": 0,
                                              "Shared Written Blocks": 0,
                                              "Local Hit Blocks": 0,
                                              "Local Read Blocks": 0,
                                              "Local Dirtied Blocks": 0,
                                              "Local Written Blocks": 0,
                                              "Temp Read Blocks": 0,
                                              "Temp Written Blocks": 0,
                                              "Plans": [
                                                {
                                                  "Node Type": "Nested Loop",
                                                  "Parent Relationship": "Outer",
                                                  "Parallel Aware": false,
                                                  "Async Capable": false,
                                                  "Join Type": "Left",
                                                  "Startup Cost": 0.29,
                                                  "Total Cost": 152.16,
                                                  "Plan Rows": 1,
                                                  "Plan Width": 43,
                                                  "Actual Rows": 367,
                                                  "Actual Loops": 1,
                                                  "Inner Unique": true,
                                                  "Join Filter": "(source.id = event.source_id)",
                                                  "Rows Removed by Join Filter": 1468,
                                                  "Filter": "(((filter_values_12.external_id IS NULL) OR (source.external_id = filter_values_12.external_id)) AND ((filter_values_12.source_kind IS NULL) OR (source.kind = filter_values_12.source_kind) OR (source.provider = filter_values_12.source_kind) OR ((filter_values_12.source_kind = 'youtube'::text) AND ((source.kind = ANY ('{youtube,youtube_video}'::text[])) OR (source.provider = 'youtube'::text)))))",
                                                  "Rows Removed by Filter": 0,
                                                  "Shared Hit Blocks": 641,
                                                  "Shared Read Blocks": 0,
                                                  "Shared Dirtied Blocks": 0,
                                                  "Shared Written Blocks": 0,
                                                  "Local Hit Blocks": 0,
                                                  "Local Read Blocks": 0,
                                                  "Local Dirtied Blocks": 0,
                                                  "Local Written Blocks": 0,
                                                  "Temp Read Blocks": 0,
                                                  "Temp Written Blocks": 0,
                                                  "Plans": [
                                                    {
                                                      "Node Type": "Nested Loop",
                                                      "Parent Relationship": "Outer",
                                                      "Parallel Aware": false,
                                                      "Async Capable": false,
                                                      "Join Type": "Inner",
                                                      "Startup Cost": 0.29,
                                                      "Total Cost": 151.09,
                                                      "Plan Rows": 1,
                                                      "Plan Width": 123,
                                                      "Actual Rows": 367,
                                                      "Actual Loops": 1,
                                                      "Inner Unique": false,
                                                      "Shared Hit Blocks": 274,
                                                      "Shared Read Blocks": 0,
                                                      "Shared Dirtied Blocks": 0,
                                                      "Shared Written Blocks": 0,
                                                      "Local Hit Blocks": 0,
                                                      "Local Read Blocks": 0,
                                                      "Local Dirtied Blocks": 0,
                                                      "Local Written Blocks": 0,
                                                      "Temp Read Blocks": 0,
                                                      "Temp Written Blocks": 0,
                                                      "Plans": [
                                                        {
                                                          "Node Type": "CTE Scan",
                                                          "Parent Relationship": "Outer",
                                                          "Parallel Aware": false,
                                                          "Async Capable": false,
                                                          "CTE Name": "filter_values",
                                                          "Alias": "filter_values_12",
                                                          "Startup Cost": 0.00,
                                                          "Total Cost": 0.02,
                                                          "Plan Rows": 1,
                                                          "Plan Width": 148,
                                                          "Actual Rows": 1,
                                                          "Actual Loops": 1,
                                                          "Shared Hit Blocks": 0,
                                                          "Shared Read Blocks": 0,
                                                          "Shared Dirtied Blocks": 0,
                                                          "Shared Written Blocks": 0,
                                                          "Local Hit Blocks": 0,
                                                          "Local Read Blocks": 0,
                                                          "Local Dirtied Blocks": 0,
                                                          "Local Written Blocks": 0,
                                                          "Temp Read Blocks": 0,
                                                          "Temp Written Blocks": 0
                                                        },
                                                        {
                                                          "Node Type": "Index Scan",
                                                          "Parent Relationship": "Inner",
                                                          "Parallel Aware": false,
                                                          "Async Capable": false,
                                                          "Scan Direction": "Forward",
                                                          "Index Name": "user_card_action_events_entry_idx",
                                                          "Relation Name": "user_card_action_events",
                                                          "Alias": "event",
                                                          "Startup Cost": 0.29,
                                                          "Total Cost": 151.06,
                                                          "Plan Rows": 1,
                                                          "Plan Width": 59,
                                                          "Actual Rows": 367,
                                                          "Actual Loops": 1,
                                                          "Index Cond": "((user_id = (current_setting('lat.qa'::text))::uuid) AND (card_type_id = ANY (filter_values_12.modes)))",
                                                          "Rows Removed by Index Recheck": 0,
                                                          "Filter": "(((filter_values_12.source_id IS NULL) OR (source_id = filter_values_12.source_id)) AND ((filter_values_12.target_date IS NULL) OR (private.training_filter_local_date(created_at, filter_values_12.timezone) = filter_values_12.target_date)))",
                                                          "Rows Removed by Filter": 0,
                                                          "Shared Hit Blocks": 274,
                                                          "Shared Read Blocks": 0,
                                                          "Shared Dirtied Blocks": 0,
                                                          "Shared Written Blocks": 0,
                                                          "Local Hit Blocks": 0,
                                                          "Local Read Blocks": 0,
                                                          "Local Dirtied Blocks": 0,
                                                          "Local Written Blocks": 0,
                                                          "Temp Read Blocks": 0,
                                                          "Temp Written Blocks": 0
                                                        }
                                                      ]
                                                    },
                                                    {
                                                      "Node Type": "Seq Scan",
                                                      "Parent Relationship": "Inner",
                                                      "Parallel Aware": false,
                                                      "Async Capable": false,
                                                      "Relation Name": "learning_sources",
                                                      "Alias": "source",
                                                      "Startup Cost": 0.00,
                                                      "Total Cost": 1.02,
                                                      "Plan Rows": 2,
                                                      "Plan Width": 50,
                                                      "Actual Rows": 4,
                                                      "Actual Loops": 367,
                                                      "Shared Hit Blocks": 367,
                                                      "Shared Read Blocks": 0,
                                                      "Shared Dirtied Blocks": 0,
                                                      "Shared Written Blocks": 0,
                                                      "Local Hit Blocks": 0,
                                                      "Local Read Blocks": 0,
                                                      "Local Dirtied Blocks": 0,
                                                      "Local Written Blocks": 0,
                                                      "Temp Read Blocks": 0,
                                                      "Temp Written Blocks": 0
                                                    }
                                                  ]
                                                }
                                              ]
                                            }
                                          ]
                                        }
                                      ]
                                    }
                                  ]
                                }
                              ]
                            },
                            {
                              "Node Type": "Hash",
                              "Parent Relationship": "Inner",
                              "Parallel Aware": false,
                              "Async Capable": false,
                              "Startup Cost": 0.02,
                              "Total Cost": 0.02,
                              "Plan Rows": 1,
                              "Plan Width": 48,
                              "Actual Rows": 0,
                              "Actual Loops": 1,
                              "Hash Buckets": 1024,
                              "Original Hash Buckets": 1024,
                              "Hash Batches": 1,
                              "Original Hash Batches": 1,
                              "Peak Memory Usage": 8,
                              "Shared Hit Blocks": 2,
                              "Shared Read Blocks": 0,
                              "Shared Dirtied Blocks": 0,
                              "Shared Written Blocks": 0,
                              "Local Hit Blocks": 0,
                              "Local Read Blocks": 0,
                              "Local Dirtied Blocks": 0,
                              "Local Written Blocks": 0,
                              "Temp Read Blocks": 0,
                              "Temp Written Blocks": 0,
                              "Plans": [
                                {
                                  "Node Type": "CTE Scan",
                                  "Parent Relationship": "Outer",
                                  "Parallel Aware": false,
                                  "Async Capable": false,
                                  "CTE Name": "known_cards",
                                  "Alias": "known_cards",
                                  "Startup Cost": 0.00,
                                  "Total Cost": 0.02,
                                  "Plan Rows": 1,
                                  "Plan Width": 48,
                                  "Actual Rows": 0,
                                  "Actual Loops": 1,
                                  "Shared Hit Blocks": 2,
                                  "Shared Read Blocks": 0,
                                  "Shared Dirtied Blocks": 0,
                                  "Shared Written Blocks": 0,
                                  "Local Hit Blocks": 0,
                                  "Local Read Blocks": 0,
                                  "Local Dirtied Blocks": 0,
                                  "Local Written Blocks": 0,
                                  "Temp Read Blocks": 0,
                                  "Temp Written Blocks": 0
                                }
                              ]
                            }
                          ]
                        },
                        {
                          "Node Type": "Hash",
                          "Parent Relationship": "Inner",
                          "Parallel Aware": false,
                          "Async Capable": false,
                          "Startup Cost": 0.38,
                          "Total Cost": 0.38,
                          "Plan Rows": 19,
                          "Plan Width": 98,
                          "Actual Rows": 190,
                          "Actual Loops": 1,
                          "Hash Buckets": 1024,
                          "Original Hash Buckets": 1024,
                          "Hash Batches": 1,
                          "Original Hash Batches": 1,
                          "Peak Memory Usage": 24,
                          "Shared Hit Blocks": 155,
                          "Shared Read Blocks": 0,
                          "Shared Dirtied Blocks": 0,
                          "Shared Written Blocks": 0,
                          "Local Hit Blocks": 0,
                          "Local Read Blocks": 0,
                          "Local Dirtied Blocks": 0,
                          "Local Written Blocks": 0,
                          "Temp Read Blocks": 0,
                          "Temp Written Blocks": 0,
                          "Plans": [
                            {
                              "Node Type": "CTE Scan",
                              "Parent Relationship": "Outer",
                              "Parallel Aware": false,
                              "Async Capable": false,
                              "CTE Name": "learner_status",
                              "Alias": "status_1",
                              "Startup Cost": 0.00,
                              "Total Cost": 0.38,
                              "Plan Rows": 19,
                              "Plan Width": 98,
                              "Actual Rows": 190,
                              "Actual Loops": 1,
                              "Shared Hit Blocks": 155,
                              "Shared Read Blocks": 0,
                              "Shared Dirtied Blocks": 0,
                              "Shared Written Blocks": 0,
                              "Local Hit Blocks": 0,
                              "Local Read Blocks": 0,
                              "Local Dirtied Blocks": 0,
                              "Local Written Blocks": 0,
                              "Temp Read Blocks": 0,
                              "Temp Written Blocks": 0
                            }
                          ]
                        }
                      ]
                    },
                    {
                      "Node Type": "Hash",
                      "Parent Relationship": "Inner",
                      "Parallel Aware": false,
                      "Async Capable": false,
                      "Startup Cost": 0.02,
                      "Total Cost": 0.02,
                      "Plan Rows": 1,
                      "Plan Width": 16,
                      "Actual Rows": 91,
                      "Actual Loops": 1,
                      "Hash Buckets": 1024,
                      "Original Hash Buckets": 1024,
                      "Hash Batches": 1,
                      "Original Hash Batches": 1,
                      "Peak Memory Usage": 13,
                      "Shared Hit Blocks": 53,
                      "Shared Read Blocks": 0,
                      "Shared Dirtied Blocks": 0,
                      "Shared Written Blocks": 0,
                      "Local Hit Blocks": 0,
                      "Local Read Blocks": 0,
                      "Local Dirtied Blocks": 0,
                      "Local Written Blocks": 0,
                      "Temp Read Blocks": 0,
                      "Temp Written Blocks": 0,
                      "Plans": [
                        {
                          "Node Type": "CTE Scan",
                          "Parent Relationship": "Outer",
                          "Parallel Aware": false,
                          "Async Capable": false,
                          "CTE Name": "study_day_new_words",
                          "Alias": "study_day_new_words",
                          "Startup Cost": 0.00,
                          "Total Cost": 0.02,
                          "Plan Rows": 1,
                          "Plan Width": 16,
                          "Actual Rows": 91,
                          "Actual Loops": 1,
                          "Shared Hit Blocks": 53,
                          "Shared Read Blocks": 0,
                          "Shared Dirtied Blocks": 0,
                          "Shared Written Blocks": 0,
                          "Local Hit Blocks": 0,
                          "Local Read Blocks": 0,
                          "Local Dirtied Blocks": 0,
                          "Local Written Blocks": 0,
                          "Temp Read Blocks": 0,
                          "Temp Written Blocks": 0
                        }
                      ]
                    }
                  ]
                },
                {
                  "Node Type": "Hash",
                  "Parent Relationship": "Inner",
                  "Parallel Aware": false,
                  "Async Capable": false,
                  "Startup Cost": 0.02,
                  "Total Cost": 0.02,
                  "Plan Rows": 1,
                  "Plan Width": 48,
                  "Actual Rows": 91,
                  "Actual Loops": 1,
                  "Hash Buckets": 1024,
                  "Original Hash Buckets": 1024,
                  "Hash Batches": 1,
                  "Original Hash Batches": 1,
                  "Peak Memory Usage": 14,
                  "Shared Hit Blocks": 53,
                  "Shared Read Blocks": 0,
                  "Shared Dirtied Blocks": 0,
                  "Shared Written Blocks": 0,
                  "Local Hit Blocks": 0,
                  "Local Read Blocks": 0,
                  "Local Dirtied Blocks": 0,
                  "Local Written Blocks": 0,
                  "Temp Read Blocks": 0,
                  "Temp Written Blocks": 0,
                  "Plans": [
                    {
                      "Node Type": "CTE Scan",
                      "Parent Relationship": "Outer",
                      "Parallel Aware": false,
                      "Async Capable": false,
                      "CTE Name": "study_day_new_cards",
                      "Alias": "study_day_new_cards",
                      "Startup Cost": 0.00,
                      "Total Cost": 0.02,
                      "Plan Rows": 1,
                      "Plan Width": 48,
                      "Actual Rows": 91,
                      "Actual Loops": 1,
                      "Shared Hit Blocks": 53,
                      "Shared Read Blocks": 0,
                      "Shared Dirtied Blocks": 0,
                      "Shared Written Blocks": 0,
                      "Local Hit Blocks": 0,
                      "Local Read Blocks": 0,
                      "Local Dirtied Blocks": 0,
                      "Local Written Blocks": 0,
                      "Temp Read Blocks": 0,
                      "Temp Written Blocks": 0
                    }
                  ]
                }
              ]
            },
            {
              "Node Type": "Hash",
              "Parent Relationship": "Inner",
              "Parallel Aware": false,
              "Async Capable": false,
              "Startup Cost": 2.35,
              "Total Cost": 2.35,
              "Plan Rows": 1,
              "Plan Width": 32,
              "Actual Rows": 0,
              "Actual Loops": 1,
              "Hash Buckets": 1024,
              "Original Hash Buckets": 1024,
              "Hash Batches": 1,
              "Original Hash Batches": 1,
              "Peak Memory Usage": 8,
              "Shared Hit Blocks": 2,
              "Shared Read Blocks": 0,
              "Shared Dirtied Blocks": 0,
              "Shared Written Blocks": 0,
              "Local Hit Blocks": 0,
              "Local Read Blocks": 0,
              "Local Dirtied Blocks": 0,
              "Local Written Blocks": 0,
              "Temp Read Blocks": 0,
              "Temp Written Blocks": 0,
              "Plans": [
                {
                  "Node Type": "Index Only Scan",
                  "Parent Relationship": "Outer",
                  "Parallel Aware": false,
                  "Async Capable": false,
                  "Scan Direction": "Forward",
                  "Index Name": "training_pair_exclusions_active_idx",
                  "Relation Name": "training_pair_exclusions",
                  "Alias": "exclusion_1",
                  "Startup Cost": 0.13,
                  "Total Cost": 2.35,
                  "Plan Rows": 1,
                  "Plan Width": 32,
                  "Actual Rows": 0,
                  "Actual Loops": 1,
                  "Index Cond": "(user_id = (current_setting('lat.qa'::text))::uuid)",
                  "Rows Removed by Index Recheck": 0,
                  "Heap Fetches": 0,
                  "Shared Hit Blocks": 2,
                  "Shared Read Blocks": 0,
                  "Shared Dirtied Blocks": 0,
                  "Shared Written Blocks": 0,
                  "Local Hit Blocks": 0,
                  "Local Read Blocks": 0,
                  "Local Dirtied Blocks": 0,
                  "Local Written Blocks": 0,
                  "Temp Read Blocks": 0,
                  "Temp Written Blocks": 0
                }
              ]
            }
          ]
        },
        {
          "Node Type": "Hash Join",
          "Parent Relationship": "InitPlan",
          "Subplan Name": "CTE eligible",
          "Parallel Aware": false,
          "Async Capable": false,
          "Join Type": "Left",
          "Startup Cost": 611.37,
          "Total Cost": 7762.17,
          "Plan Rows": 5312,
          "Plan Width": 158,
          "Actual Rows": 2382,
          "Actual Loops": 1,
          "Inner Unique": false,
          "Hash Cond": "(cards_1.entry_id = introduction.entry_id)",
          "Filter": "((cards_1.intrinsic_source <> 'new'::text) OR ((cards_1.card_type_id = 'definition-to-word'::text) AND (COALESCE((InitPlan 31).col1, ''::text) = 'word-in-context'::text)) OR ((cards_1.card_type_id = 'word-to-definition'::text) AND ((source_bound.entry_id IS NULL) OR ((introduction.entry_id IS NOT NULL) AND ((introduction.predecessor_entry_id IS NULL) OR (predecessor_unlock.available_at <= cards_1.reference_now))))))",
          "Rows Removed by Filter": 1496,
          "Shared Hit Blocks": 7032,
          "Shared Read Blocks": 0,
          "Shared Dirtied Blocks": 0,
          "Shared Written Blocks": 0,
          "Local Hit Blocks": 0,
          "Local Read Blocks": 0,
          "Local Dirtied Blocks": 0,
          "Local Written Blocks": 0,
          "Temp Read Blocks": 632,
          "Temp Written Blocks": 316,
          "Plans": [
            {
              "Node Type": "CTE Scan",
              "Parent Relationship": "InitPlan",
              "Subplan Name": "InitPlan 30",
              "Parallel Aware": false,
              "Async Capable": false,
              "CTE Name": "filter_values",
              "Alias": "filter_values_13",
              "Startup Cost": 0.00,
              "Total Cost": 0.02,
              "Plan Rows": 1,
              "Plan Width": 32,
              "Actual Rows": 1,
              "Actual Loops": 1,
              "Shared Hit Blocks": 0,
              "Shared Read Blocks": 0,
              "Shared Dirtied Blocks": 0,
              "Shared Written Blocks": 0,
              "Local Hit Blocks": 0,
              "Local Read Blocks": 0,
              "Local Dirtied Blocks": 0,
              "Local Written Blocks": 0,
              "Temp Read Blocks": 0,
              "Temp Written Blocks": 0
            },
            {
              "Node Type": "CTE Scan",
              "Parent Relationship": "InitPlan",
              "Subplan Name": "InitPlan 31",
              "Parallel Aware": false,
              "Async Capable": false,
              "CTE Name": "filter_values",
              "Alias": "filter_values_14",
              "Startup Cost": 0.00,
              "Total Cost": 0.02,
              "Plan Rows": 1,
              "Plan Width": 32,
              "Actual Rows": 0,
              "Actual Loops": 0,
              "Shared Hit Blocks": 0,
              "Shared Read Blocks": 0,
              "Shared Dirtied Blocks": 0,
              "Shared Written Blocks": 0,
              "Local Hit Blocks": 0,
              "Local Read Blocks": 0,
              "Local Dirtied Blocks": 0,
              "Local Written Blocks": 0,
              "Temp Read Blocks": 0,
              "Temp Written Blocks": 0
            },
            {
              "Node Type": "Hash Join",
              "Parent Relationship": "Outer",
              "Parallel Aware": false,
              "Async Capable": false,
              "Join Type": "Left",
              "Startup Cost": 608.76,
              "Total Cost": 7738.92,
              "Plan Rows": 5339,
              "Plan Width": 174,
              "Actual Rows": 3878,
              "Actual Loops": 1,
              "Inner Unique": false,
              "Hash Cond": "(cards_1.entry_id = source_bound.entry_id)",
              "Shared Hit Blocks": 3737,
              "Shared Read Blocks": 0,
              "Shared Dirtied Blocks": 0,
              "Shared Written Blocks": 0,
              "Local Hit Blocks": 0,
              "Local Read Blocks": 0,
              "Local Dirtied Blocks": 0,
              "Local Written Blocks": 0,
              "Temp Read Blocks": 0,
              "Temp Written Blocks": 315,
              "Plans": [
                {
                  "Node Type": "Hash Join",
                  "Parent Relationship": "Outer",
                  "Parallel Aware": false,
                  "Async Capable": false,
                  "Join Type": "Left",
                  "Startup Cost": 18.46,
                  "Total Cost": 7075.22,
                  "Plan Rows": 5339,
                  "Plan Width": 158,
                  "Actual Rows": 3878,
                  "Actual Loops": 1,
                  "Inner Unique": false,
                  "Hash Cond": "(cards_1.entry_id = unrenderable_1.entry_id)",
                  "Filter": "((cards_1.card_type_id <> 'word-to-definition'::text) OR (unrenderable_1.entry_id IS NULL))",
                  "Rows Removed by Filter": 123,
                  "Shared Hit Blocks": 8,
                  "Shared Read Blocks": 0,
                  "Shared Dirtied Blocks": 0,
                  "Shared Written Blocks": 0,
                  "Local Hit Blocks": 0,
                  "Local Read Blocks": 0,
                  "Local Dirtied Blocks": 0,
                  "Local Written Blocks": 0,
                  "Temp Read Blocks": 0,
                  "Temp Written Blocks": 0,
                  "Plans": [
                    {
                      "Node Type": "CTE Scan",
                      "Parent Relationship": "Outer",
                      "Parallel Aware": false,
                      "Async Capable": false,
                      "CTE Name": "cards",
                      "Alias": "cards_1",
                      "Startup Cost": 0.00,
                      "Total Cost": 6969.56,
                      "Plan Rows": 5366,
                      "Plan Width": 158,
                      "Actual Rows": 4001,
                      "Actual Loops": 1,
                      "Filter": "((NOT COALESCE(hidden, false)) AND ((NOT has_status) OR fsrs_enabled) AND ((frozen_until IS NULL) OR (frozen_until <= reference_now)) AND CASE WHEN ((InitPlan 30).col1 = 'word-in-context'::text) THEN private.training_word_context_candidate_v1((current_setting('lat.qa'::text))::uuid, entry_id, card_type_id) ELSE true END)",
                      "Rows Removed by Filter": 0,
                      "Shared Hit Blocks": 0,
                      "Shared Read Blocks": 0,
                      "Shared Dirtied Blocks": 0,
                      "Shared Written Blocks": 0,
                      "Local Hit Blocks": 0,
                      "Local Read Blocks": 0,
                      "Local Dirtied Blocks": 0,
                      "Local Written Blocks": 0,
                      "Temp Read Blocks": 0,
                      "Temp Written Blocks": 0
                    },
                    {
                      "Node Type": "Hash",
                      "Parent Relationship": "Inner",
                      "Parallel Aware": false,
                      "Async Capable": false,
                      "Startup Cost": 11.36,
                      "Total Cost": 11.36,
                      "Plan Rows": 568,
                      "Plan Width": 16,
                      "Actual Rows": 568,
                      "Actual Loops": 1,
                      "Hash Buckets": 1024,
                      "Original Hash Buckets": 1024,
                      "Hash Batches": 1,
                      "Original Hash Batches": 1,
                      "Peak Memory Usage": 35,
                      "Shared Hit Blocks": 8,
                      "Shared Read Blocks": 0,
                      "Shared Dirtied Blocks": 0,
                      "Shared Written Blocks": 0,
                      "Local Hit Blocks": 0,
                      "Local Read Blocks": 0,
                      "Local Dirtied Blocks": 0,
                      "Local Written Blocks": 0,
                      "Temp Read Blocks": 0,
                      "Temp Written Blocks": 0,
                      "Plans": [
                        {
                          "Node Type": "CTE Scan",
                          "Parent Relationship": "Outer",
                          "Parallel Aware": false,
                          "Async Capable": false,
                          "CTE Name": "unrenderable_direct_entries",
                          "Alias": "unrenderable_1",
                          "Startup Cost": 0.00,
                          "Total Cost": 11.36,
                          "Plan Rows": 568,
                          "Plan Width": 16,
                          "Actual Rows": 568,
                          "Actual Loops": 1,
                          "Shared Hit Blocks": 8,
                          "Shared Read Blocks": 0,
                          "Shared Dirtied Blocks": 0,
                          "Shared Written Blocks": 0,
                          "Local Hit Blocks": 0,
                          "Local Read Blocks": 0,
                          "Local Dirtied Blocks": 0,
                          "Local Written Blocks": 0,
                          "Temp Read Blocks": 0,
                          "Temp Written Blocks": 0
                        }
                      ]
                    }
                  ]
                },
                {
                  "Node Type": "Hash",
                  "Parent Relationship": "Inner",
                  "Parallel Aware": false,
                  "Async Capable": false,
                  "Startup Cost": 363.26,
                  "Total Cost": 363.26,
                  "Plan Rows": 18163,
                  "Plan Width": 16,
                  "Actual Rows": 18203,
                  "Actual Loops": 1,
                  "Hash Buckets": 32768,
                  "Original Hash Buckets": 32768,
                  "Hash Batches": 1,
                  "Original Hash Batches": 1,
                  "Peak Memory Usage": 1110,
                  "Shared Hit Blocks": 3729,
                  "Shared Read Blocks": 0,
                  "Shared Dirtied Blocks": 0,
                  "Shared Written Blocks": 0,
                  "Local Hit Blocks": 0,
                  "Local Read Blocks": 0,
                  "Local Dirtied Blocks": 0,
                  "Local Written Blocks": 0,
                  "Temp Read Blocks": 0,
                  "Temp Written Blocks": 315,
                  "Plans": [
                    {
                      "Node Type": "CTE Scan",
                      "Parent Relationship": "Outer",
                      "Parallel Aware": false,
                      "Async Capable": false,
                      "CTE Name": "source_bound_entries",
                      "Alias": "source_bound",
                      "Startup Cost": 0.00,
                      "Total Cost": 363.26,
                      "Plan Rows": 18163,
                      "Plan Width": 16,
                      "Actual Rows": 18203,
                      "Actual Loops": 1,
                      "Shared Hit Blocks": 3729,
                      "Shared Read Blocks": 0,
                      "Shared Dirtied Blocks": 0,
                      "Shared Written Blocks": 0,
                      "Local Hit Blocks": 0,
                      "Local Read Blocks": 0,
                      "Local Dirtied Blocks": 0,
                      "Local Written Blocks": 0,
                      "Temp Read Blocks": 0,
                      "Temp Written Blocks": 315
                    }
                  ]
                }
              ]
            },
            {
              "Node Type": "Hash",
              "Parent Relationship": "Inner",
              "Parallel Aware": false,
              "Async Capable": false,
              "Startup Cost": 2.56,
              "Total Cost": 2.56,
              "Plan Rows": 1,
              "Plan Width": 40,
              "Actual Rows": 3486,
              "Actual Loops": 1,
              "Hash Buckets": 4096,
              "Original Hash Buckets": 1024,
              "Hash Batches": 1,
              "Original Hash Batches": 1,
              "Peak Memory Usage": 215,
              "Shared Hit Blocks": 3295,
              "Shared Read Blocks": 0,
              "Shared Dirtied Blocks": 0,
              "Shared Written Blocks": 0,
              "Local Hit Blocks": 0,
              "Local Read Blocks": 0,
              "Local Dirtied Blocks": 0,
              "Local Written Blocks": 0,
              "Temp Read Blocks": 632,
              "Temp Written Blocks": 1,
              "Plans": [
                {
                  "Node Type": "Nested Loop",
                  "Parent Relationship": "Outer",
                  "Parallel Aware": false,
                  "Async Capable": false,
                  "Join Type": "Left",
                  "Startup Cost": 0.29,
                  "Total Cost": 2.56,
                  "Plan Rows": 1,
                  "Plan Width": 40,
                  "Actual Rows": 3486,
                  "Actual Loops": 1,
                  "Inner Unique": true,
                  "Shared Hit Blocks": 3295,
                  "Shared Read Blocks": 0,
                  "Shared Dirtied Blocks": 0,
                  "Shared Written Blocks": 0,
                  "Local Hit Blocks": 0,
                  "Local Read Blocks": 0,
                  "Local Dirtied Blocks": 0,
                  "Local Written Blocks": 0,
                  "Temp Read Blocks": 632,
                  "Temp Written Blocks": 1,
                  "Plans": [
                    {
                      "Node Type": "CTE Scan",
                      "Parent Relationship": "Outer",
                      "Parallel Aware": false,
                      "Async Capable": false,
                      "CTE Name": "ordinary_source_introductions",
                      "Alias": "introduction",
                      "Startup Cost": 0.00,
                      "Total Cost": 0.02,
                      "Plan Rows": 1,
                      "Plan Width": 32,
                      "Actual Rows": 3486,
                      "Actual Loops": 1,
                      "Shared Hit Blocks": 913,
                      "Shared Read Blocks": 0,
                      "Shared Dirtied Blocks": 0,
                      "Shared Written Blocks": 0,
                      "Local Hit Blocks": 0,
                      "Local Read Blocks": 0,
                      "Local Dirtied Blocks": 0,
                      "Local Written Blocks": 0,
                      "Temp Read Blocks": 632,
                      "Temp Written Blocks": 1
                    },
                    {
                      "Node Type": "Index Scan",
                      "Parent Relationship": "Inner",
                      "Parallel Aware": false,
                      "Async Capable": false,
                      "Scan Direction": "Forward",
                      "Index Name": "ordinary_meaning_introduction_unlocks_v1_pkey",
                      "Relation Name": "ordinary_meaning_introduction_unlocks_v1",
                      "Alias": "predecessor_unlock",
                      "Startup Cost": 0.29,
                      "Total Cost": 2.51,
                      "Plan Rows": 1,
                      "Plan Width": 24,
                      "Actual Rows": 0,
                      "Actual Loops": 3486,
                      "Index Cond": "((user_id = (current_setting('lat.qa'::text))::uuid) AND (entry_id = introduction.predecessor_entry_id))",
                      "Rows Removed by Index Recheck": 0,
                      "Shared Hit Blocks": 2382,
                      "Shared Read Blocks": 0,
                      "Shared Dirtied Blocks": 0,
                      "Shared Written Blocks": 0,
                      "Local Hit Blocks": 0,
                      "Local Read Blocks": 0,
                      "Local Dirtied Blocks": 0,
                      "Local Written Blocks": 0,
                      "Temp Read Blocks": 0,
                      "Temp Written Blocks": 0
                    }
                  ]
                }
              ]
            }
          ]
        },
        {
          "Node Type": "WindowAgg",
          "Parent Relationship": "InitPlan",
          "Subplan Name": "CTE new_word_ranks",
          "Parallel Aware": false,
          "Async Capable": false,
          "Startup Cost": 121.89,
          "Total Cost": 122.65,
          "Plan Rows": 13,
          "Plan Width": 64,
          "Actual Rows": 2193,
          "Actual Loops": 1,
          "Shared Hit Blocks": 0,
          "Shared Read Blocks": 0,
          "Shared Dirtied Blocks": 0,
          "Shared Written Blocks": 0,
          "Local Hit Blocks": 0,
          "Local Read Blocks": 0,
          "Local Dirtied Blocks": 0,
          "Local Written Blocks": 0,
          "Temp Read Blocks": 0,
          "Temp Written Blocks": 0,
          "Plans": [
            {
              "Node Type": "WindowAgg",
              "Parent Relationship": "Outer",
              "Parallel Aware": false,
              "Async Capable": false,
              "Startup Cost": 120.92,
              "Total Cost": 121.81,
              "Plan Rows": 13,
              "Plan Width": 56,
              "Actual Rows": 2193,
              "Actual Loops": 1,
              "Shared Hit Blocks": 0,
              "Shared Read Blocks": 0,
              "Shared Dirtied Blocks": 0,
              "Shared Written Blocks": 0,
              "Local Hit Blocks": 0,
              "Local Read Blocks": 0,
              "Local Dirtied Blocks": 0,
              "Local Written Blocks": 0,
              "Temp Read Blocks": 0,
              "Temp Written Blocks": 0,
              "Plans": [
                {
                  "Node Type": "Sort",
                  "Parent Relationship": "Outer",
                  "Parallel Aware": false,
                  "Async Capable": false,
                  "Startup Cost": 120.90,
                  "Total Cost": 120.93,
                  "Plan Rows": 13,
                  "Plan Width": 48,
                  "Actual Rows": 2193,
                  "Actual Loops": 1,
                  "Sort Key": ["(md5(((md5(concat_ws('|'::text, ((current_setting('lat.qa'::text))::uuid)::text, array_to_string(filter_values_15.modes, ','::text), COALESCE(((NULLIF(current_setting('lat.list'::text), ''::text))::uuid)::text, ''::text), filter_values_15.list_type, 'both'::text, (filter_values_15.filter_data)::text)) || ':'::text) || (eligible_1.entry_id)::text)))"],
                  "Sort Method": "quicksort",
                  "Sort Space Used": 251,
                  "Sort Space Type": "Memory",
                  "Shared Hit Blocks": 0,
                  "Shared Read Blocks": 0,
                  "Shared Dirtied Blocks": 0,
                  "Shared Written Blocks": 0,
                  "Local Hit Blocks": 0,
                  "Local Read Blocks": 0,
                  "Local Dirtied Blocks": 0,
                  "Local Written Blocks": 0,
                  "Temp Read Blocks": 0,
                  "Temp Written Blocks": 0,
                  "Plans": [
                    {
                      "Node Type": "Nested Loop",
                      "Parent Relationship": "Outer",
                      "Parallel Aware": false,
                      "Async Capable": false,
                      "Join Type": "Inner",
                      "Startup Cost": 119.76,
                      "Total Cost": 120.66,
                      "Plan Rows": 13,
                      "Plan Width": 48,
                      "Actual Rows": 2193,
                      "Actual Loops": 1,
                      "Inner Unique": false,
                      "Shared Hit Blocks": 0,
                      "Shared Read Blocks": 0,
                      "Shared Dirtied Blocks": 0,
                      "Shared Written Blocks": 0,
                      "Local Hit Blocks": 0,
                      "Local Read Blocks": 0,
                      "Local Dirtied Blocks": 0,
                      "Local Written Blocks": 0,
                      "Temp Read Blocks": 0,
                      "Temp Written Blocks": 0,
                      "Plans": [
                        {
                          "Node Type": "CTE Scan",
                          "Parent Relationship": "Outer",
                          "Parallel Aware": false,
                          "Async Capable": false,
                          "CTE Name": "filter_values",
                          "Alias": "filter_values_15",
                          "Startup Cost": 0.00,
                          "Total Cost": 0.02,
                          "Plan Rows": 1,
                          "Plan Width": 96,
                          "Actual Rows": 1,
                          "Actual Loops": 1,
                          "Shared Hit Blocks": 0,
                          "Shared Read Blocks": 0,
                          "Shared Dirtied Blocks": 0,
                          "Shared Written Blocks": 0,
                          "Local Hit Blocks": 0,
                          "Local Read Blocks": 0,
                          "Local Dirtied Blocks": 0,
                          "Local Written Blocks": 0,
                          "Temp Read Blocks": 0,
                          "Temp Written Blocks": 0
                        },
                        {
                          "Node Type": "Unique",
                          "Parent Relationship": "Inner",
                          "Parallel Aware": false,
                          "Async Capable": false,
                          "Startup Cost": 119.76,
                          "Total Cost": 119.83,
                          "Plan Rows": 13,
                          "Plan Width": 16,
                          "Actual Rows": 2193,
                          "Actual Loops": 1,
                          "Shared Hit Blocks": 0,
                          "Shared Read Blocks": 0,
                          "Shared Dirtied Blocks": 0,
                          "Shared Written Blocks": 0,
                          "Local Hit Blocks": 0,
                          "Local Read Blocks": 0,
                          "Local Dirtied Blocks": 0,
                          "Local Written Blocks": 0,
                          "Temp Read Blocks": 0,
                          "Temp Written Blocks": 0,
                          "Plans": [
                            {
                              "Node Type": "Sort",
                              "Parent Relationship": "Outer",
                              "Parallel Aware": false,
                              "Async Capable": false,
                              "Startup Cost": 119.76,
                              "Total Cost": 119.79,
                              "Plan Rows": 13,
                              "Plan Width": 16,
                              "Actual Rows": 2193,
                              "Actual Loops": 1,
                              "Sort Key": ["eligible_1.entry_id"],
                              "Sort Method": "quicksort",
                              "Sort Space Used": 97,
                              "Sort Space Type": "Memory",
                              "Shared Hit Blocks": 0,
                              "Shared Read Blocks": 0,
                              "Shared Dirtied Blocks": 0,
                              "Shared Written Blocks": 0,
                              "Local Hit Blocks": 0,
                              "Local Read Blocks": 0,
                              "Local Dirtied Blocks": 0,
                              "Local Written Blocks": 0,
                              "Temp Read Blocks": 0,
                              "Temp Written Blocks": 0,
                              "Plans": [
                                {
                                  "Node Type": "CTE Scan",
                                  "Parent Relationship": "Outer",
                                  "Parallel Aware": false,
                                  "Async Capable": false,
                                  "CTE Name": "eligible",
                                  "Alias": "eligible_1",
                                  "Startup Cost": 0.00,
                                  "Total Cost": 119.52,
                                  "Plan Rows": 13,
                                  "Plan Width": 16,
                                  "Actual Rows": 2193,
                                  "Actual Loops": 1,
                                  "Filter": "((NOT new_seen_today) AND (intrinsic_source = 'new'::text))",
                                  "Rows Removed by Filter": 189,
                                  "Shared Hit Blocks": 0,
                                  "Shared Read Blocks": 0,
                                  "Shared Dirtied Blocks": 0,
                                  "Shared Written Blocks": 0,
                                  "Local Hit Blocks": 0,
                                  "Local Read Blocks": 0,
                                  "Local Dirtied Blocks": 0,
                                  "Local Written Blocks": 0,
                                  "Temp Read Blocks": 0,
                                  "Temp Written Blocks": 0
                                }
                              ]
                            }
                          ]
                        }
                      ]
                    }
                  ]
                }
              ]
            }
          ]
        },
        {
          "Node Type": "Sort",
          "Parent Relationship": "Outer",
          "Parallel Aware": false,
          "Async Capable": false,
          "Startup Cost": 2100.29,
          "Total Cost": 2113.50,
          "Plan Rows": 5285,
          "Plan Width": 156,
          "Actual Rows": 2382,
          "Actual Loops": 1,
          "Sort Key": ["(CASE WHEN (CASE WHEN (ranked.intrinsic_source = 'learning'::text) THEN 'learning'::text WHEN (ranked.intrinsic_source = 'review'::text) THEN 'review'::text WHEN (ranked.intrinsic_source = 'new'::text) THEN 'new'::text ELSE 'practice'::text END = 'review'::text) THEN 1 WHEN (CASE WHEN (ranked.intrinsic_source = 'learning'::text) THEN 'learning'::text WHEN (ranked.intrinsic_source = 'review'::text) THEN 'review'::text WHEN (ranked.intrinsic_source = 'new'::text) THEN 'new'::text ELSE 'practice'::text END = 'learning'::text) THEN 2 WHEN (CASE WHEN (ranked.intrinsic_source = 'learning'::text) THEN 'learning'::text WHEN (ranked.intrinsic_source = 'review'::text) THEN 'review'::text WHEN (ranked.intrinsic_source = 'new'::text) THEN 'new'::text ELSE 'practice'::text END = 'new'::text) THEN 3 ELSE 4 END)", "(CASE WHEN (CASE WHEN (ranked.intrinsic_source = 'learning'::text) THEN 'learning'::text WHEN (ranked.intrinsic_source = 'review'::text) THEN 'review'::text WHEN (ranked.intrinsic_source = 'new'::text) THEN 'new'::text ELSE 'practice'::text END = ANY ('{review,learning}'::text[])) THEN ranked.next_review_at ELSE NULL::timestamp with time zone END)", "(CASE WHEN (CASE WHEN (ranked.intrinsic_source = 'learning'::text) THEN 'learning'::text WHEN (ranked.intrinsic_source = 'review'::text) THEN 'review'::text WHEN (ranked.intrinsic_source = 'new'::text) THEN 'new'::text ELSE 'practice'::text END = ANY ('{new,practice}'::text[])) THEN ranked.mode_random ELSE NULL::double precision END)", "(CASE WHEN (CASE WHEN (ranked.intrinsic_source = 'learning'::text) THEN 'learning'::text WHEN (ranked.intrinsic_source = 'review'::text) THEN 'review'::text WHEN (ranked.intrinsic_source = 'new'::text) THEN 'new'::text ELSE 'practice'::text END = ANY ('{new,practice}'::text[])) THEN random() ELSE NULL::double precision END)"],
          "Sort Method": "quicksort",
          "Sort Space Used": 396,
          "Sort Space Type": "Memory",
          "Shared Hit Blocks": 28846,
          "Shared Read Blocks": 0,
          "Shared Dirtied Blocks": 0,
          "Shared Written Blocks": 0,
          "Local Hit Blocks": 0,
          "Local Read Blocks": 0,
          "Local Dirtied Blocks": 0,
          "Local Written Blocks": 0,
          "Temp Read Blocks": 632,
          "Temp Written Blocks": 316,
          "Plans": [
            {
              "Node Type": "Nested Loop",
              "Parent Relationship": "Outer",
              "Parallel Aware": false,
              "Async Capable": false,
              "Join Type": "Inner",
              "Startup Cost": 1087.93,
              "Total Cost": 1773.47,
              "Plan Rows": 5285,
              "Plan Width": 156,
              "Actual Rows": 2382,
              "Actual Loops": 1,
              "Inner Unique": false,
              "Shared Hit Blocks": 28846,
              "Shared Read Blocks": 0,
              "Shared Dirtied Blocks": 0,
              "Shared Written Blocks": 0,
              "Local Hit Blocks": 0,
              "Local Read Blocks": 0,
              "Local Dirtied Blocks": 0,
              "Local Written Blocks": 0,
              "Temp Read Blocks": 632,
              "Temp Written Blocks": 316,
              "Plans": [
                {
                  "Node Type": "Nested Loop",
                  "Parent Relationship": "Outer",
                  "Parallel Aware": false,
                  "Async Capable": false,
                  "Join Type": "Inner",
                  "Startup Cost": 1087.51,
                  "Total Cost": 1087.64,
                  "Plan Rows": 1,
                  "Plan Width": 40,
                  "Actual Rows": 1,
                  "Actual Loops": 1,
                  "Inner Unique": false,
                  "Shared Hit Blocks": 21814,
                  "Shared Read Blocks": 0,
                  "Shared Dirtied Blocks": 0,
                  "Shared Written Blocks": 0,
                  "Local Hit Blocks": 0,
                  "Local Read Blocks": 0,
                  "Local Dirtied Blocks": 0,
                  "Local Written Blocks": 0,
                  "Temp Read Blocks": 0,
                  "Temp Written Blocks": 0,
                  "Plans": [
                    {
                      "Node Type": "Nested Loop",
                      "Parent Relationship": "Outer",
                      "Parallel Aware": false,
                      "Async Capable": false,
                      "Join Type": "Inner",
                      "Startup Cost": 0.00,
                      "Total Cost": 0.11,
                      "Plan Rows": 1,
                      "Plan Width": 16,
                      "Actual Rows": 1,
                      "Actual Loops": 1,
                      "Inner Unique": false,
                      "Shared Hit Blocks": 60,
                      "Shared Read Blocks": 0,
                      "Shared Dirtied Blocks": 0,
                      "Shared Written Blocks": 0,
                      "Local Hit Blocks": 0,
                      "Local Read Blocks": 0,
                      "Local Dirtied Blocks": 0,
                      "Local Written Blocks": 0,
                      "Temp Read Blocks": 0,
                      "Temp Written Blocks": 0,
                      "Plans": [
                        {
                          "Node Type": "Nested Loop",
                          "Parent Relationship": "Outer",
                          "Parallel Aware": false,
                          "Async Capable": false,
                          "Join Type": "Inner",
                          "Startup Cost": 0.00,
                          "Total Cost": 0.08,
                          "Plan Rows": 1,
                          "Plan Width": 8,
                          "Actual Rows": 1,
                          "Actual Loops": 1,
                          "Inner Unique": false,
                          "Shared Hit Blocks": 60,
                          "Shared Read Blocks": 0,
                          "Shared Dirtied Blocks": 0,
                          "Shared Written Blocks": 0,
                          "Local Hit Blocks": 0,
                          "Local Read Blocks": 0,
                          "Local Dirtied Blocks": 0,
                          "Local Written Blocks": 0,
                          "Temp Read Blocks": 0,
                          "Temp Written Blocks": 0,
                          "Plans": [
                            {
                              "Node Type": "Nested Loop",
                              "Parent Relationship": "Outer",
                              "Parallel Aware": false,
                              "Async Capable": false,
                              "Join Type": "Inner",
                              "Startup Cost": 0.00,
                              "Total Cost": 0.05,
                              "Plan Rows": 1,
                              "Plan Width": 0,
                              "Actual Rows": 1,
                              "Actual Loops": 1,
                              "Inner Unique": false,
                              "Shared Hit Blocks": 60,
                              "Shared Read Blocks": 0,
                              "Shared Dirtied Blocks": 0,
                              "Shared Written Blocks": 0,
                              "Local Hit Blocks": 0,
                              "Local Read Blocks": 0,
                              "Local Dirtied Blocks": 0,
                              "Local Written Blocks": 0,
                              "Temp Read Blocks": 0,
                              "Temp Written Blocks": 0,
                              "Plans": [
                                {
                                  "Node Type": "CTE Scan",
                                  "Parent Relationship": "Outer",
                                  "Parallel Aware": false,
                                  "Async Capable": false,
                                  "CTE Name": "limits",
                                  "Alias": "limits_1",
                                  "Startup Cost": 0.00,
                                  "Total Cost": 0.02,
                                  "Plan Rows": 1,
                                  "Plan Width": 0,
                                  "Actual Rows": 1,
                                  "Actual Loops": 1,
                                  "Shared Hit Blocks": 1,
                                  "Shared Read Blocks": 0,
                                  "Shared Dirtied Blocks": 0,
                                  "Shared Written Blocks": 0,
                                  "Local Hit Blocks": 0,
                                  "Local Read Blocks": 0,
                                  "Local Dirtied Blocks": 0,
                                  "Local Written Blocks": 0,
                                  "Temp Read Blocks": 0,
                                  "Temp Written Blocks": 0
                                },
                                {
                                  "Node Type": "CTE Scan",
                                  "Parent Relationship": "Inner",
                                  "Parallel Aware": false,
                                  "Async Capable": false,
                                  "CTE Name": "daily",
                                  "Alias": "daily_1",
                                  "Startup Cost": 0.00,
                                  "Total Cost": 0.02,
                                  "Plan Rows": 1,
                                  "Plan Width": 0,
                                  "Actual Rows": 1,
                                  "Actual Loops": 1,
                                  "Shared Hit Blocks": 59,
                                  "Shared Read Blocks": 0,
                                  "Shared Dirtied Blocks": 0,
                                  "Shared Written Blocks": 0,
                                  "Local Hit Blocks": 0,
                                  "Local Read Blocks": 0,
                                  "Local Dirtied Blocks": 0,
                                  "Local Written Blocks": 0,
                                  "Temp Read Blocks": 0,
                                  "Temp Written Blocks": 0
                                }
                              ]
                            },
                            {
                              "Node Type": "CTE Scan",
                              "Parent Relationship": "Inner",
                              "Parallel Aware": false,
                              "Async Capable": false,
                              "CTE Name": "daily",
                              "Alias": "daily",
                              "Startup Cost": 0.00,
                              "Total Cost": 0.02,
                              "Plan Rows": 1,
                              "Plan Width": 8,
                              "Actual Rows": 1,
                              "Actual Loops": 1,
                              "Shared Hit Blocks": 0,
                              "Shared Read Blocks": 0,
                              "Shared Dirtied Blocks": 0,
                              "Shared Written Blocks": 0,
                              "Local Hit Blocks": 0,
                              "Local Read Blocks": 0,
                              "Local Dirtied Blocks": 0,
                              "Local Written Blocks": 0,
                              "Temp Read Blocks": 0,
                              "Temp Written Blocks": 0
                            }
                          ]
                        },
                        {
                          "Node Type": "CTE Scan",
                          "Parent Relationship": "Inner",
                          "Parallel Aware": false,
                          "Async Capable": false,
                          "CTE Name": "limits",
                          "Alias": "limits",
                          "Startup Cost": 0.00,
                          "Total Cost": 0.02,
                          "Plan Rows": 1,
                          "Plan Width": 8,
                          "Actual Rows": 1,
                          "Actual Loops": 1,
                          "Shared Hit Blocks": 0,
                          "Shared Read Blocks": 0,
                          "Shared Dirtied Blocks": 0,
                          "Shared Written Blocks": 0,
                          "Local Hit Blocks": 0,
                          "Local Read Blocks": 0,
                          "Local Dirtied Blocks": 0,
                          "Local Written Blocks": 0,
                          "Temp Read Blocks": 0,
                          "Temp Written Blocks": 0
                        }
                      ]
                    },
                    {
                      "Node Type": "Aggregate",
                      "Strategy": "Plain",
                      "Partial Mode": "Simple",
                      "Parent Relationship": "Inner",
                      "Parallel Aware": false,
                      "Async Capable": false,
                      "Startup Cost": 1087.51,
                      "Total Cost": 1087.52,
                      "Plan Rows": 1,
                      "Plan Width": 24,
                      "Actual Rows": 1,
                      "Actual Loops": 1,
                      "Shared Hit Blocks": 21754,
                      "Shared Read Blocks": 0,
                      "Shared Dirtied Blocks": 0,
                      "Shared Written Blocks": 0,
                      "Local Hit Blocks": 0,
                      "Local Read Blocks": 0,
                      "Local Dirtied Blocks": 0,
                      "Local Written Blocks": 0,
                      "Temp Read Blocks": 0,
                      "Temp Written Blocks": 0,
                      "Plans": [
                        {
                          "Node Type": "Aggregate",
                          "Strategy": "Plain",
                          "Partial Mode": "Simple",
                          "Parent Relationship": "InitPlan",
                          "Subplan Name": "InitPlan 34",
                          "Parallel Aware": false,
                          "Async Capable": false,
                          "Startup Cost": 100.66,
                          "Total Cost": 100.67,
                          "Plan Rows": 1,
                          "Plan Width": 8,
                          "Actual Rows": 1,
                          "Actual Loops": 1,
                          "Shared Hit Blocks": 0,
                          "Shared Read Blocks": 0,
                          "Shared Dirtied Blocks": 0,
                          "Shared Written Blocks": 0,
                          "Local Hit Blocks": 0,
                          "Local Read Blocks": 0,
                          "Local Dirtied Blocks": 0,
                          "Local Written Blocks": 0,
                          "Temp Read Blocks": 0,
                          "Temp Written Blocks": 0,
                          "Plans": [
                            {
                              "Node Type": "Hash Join",
                              "Parent Relationship": "Outer",
                              "Parallel Aware": false,
                              "Async Capable": false,
                              "Join Type": "Anti",
                              "Startup Cost": 0.67,
                              "Total Cost": 93.81,
                              "Plan Rows": 2739,
                              "Plan Width": 0,
                              "Actual Rows": 3812,
                              "Actual Loops": 1,
                              "Inner Unique": false,
                              "Hash Cond": "(scope_2.id = learner_status.entry_id)",
                              "Shared Hit Blocks": 0,
                              "Shared Read Blocks": 0,
                              "Shared Dirtied Blocks": 0,
                              "Shared Written Blocks": 0,
                              "Local Hit Blocks": 0,
                              "Local Read Blocks": 0,
                              "Local Dirtied Blocks": 0,
                              "Local Written Blocks": 0,
                              "Temp Read Blocks": 0,
                              "Temp Written Blocks": 0,
                              "Plans": [
                                {
                                  "Node Type": "CTE Scan",
                                  "Parent Relationship": "Outer",
                                  "Parallel Aware": false,
                                  "Async Capable": false,
                                  "CTE Name": "scope",
                                  "Alias": "scope_2",
                                  "Startup Cost": 0.00,
                                  "Total Cost": 57.96,
                                  "Plan Rows": 2898,
                                  "Plan Width": 16,
                                  "Actual Rows": 4001,
                                  "Actual Loops": 1,
                                  "Shared Hit Blocks": 0,
                                  "Shared Read Blocks": 0,
                                  "Shared Dirtied Blocks": 0,
                                  "Shared Written Blocks": 0,
                                  "Local Hit Blocks": 0,
                                  "Local Read Blocks": 0,
                                  "Local Dirtied Blocks": 0,
                                  "Local Written Blocks": 0,
                                  "Temp Read Blocks": 0,
                                  "Temp Written Blocks": 0
                                },
                                {
                                  "Node Type": "Hash",
                                  "Parent Relationship": "Inner",
                                  "Parallel Aware": false,
                                  "Async Capable": false,
                                  "Startup Cost": 0.54,
                                  "Total Cost": 0.54,
                                  "Plan Rows": 11,
                                  "Plan Width": 16,
                                  "Actual Rows": 190,
                                  "Actual Loops": 1,
                                  "Hash Buckets": 1024,
                                  "Original Hash Buckets": 1024,
                                  "Hash Batches": 1,
                                  "Original Hash Batches": 1,
                                  "Peak Memory Usage": 17,
                                  "Shared Hit Blocks": 0,
                                  "Shared Read Blocks": 0,
                                  "Shared Dirtied Blocks": 0,
                                  "Shared Written Blocks": 0,
                                  "Local Hit Blocks": 0,
                                  "Local Read Blocks": 0,
                                  "Local Dirtied Blocks": 0,
                                  "Local Written Blocks": 0,
                                  "Temp Read Blocks": 0,
                                  "Temp Written Blocks": 0,
                                  "Plans": [
                                    {
                                      "Node Type": "Aggregate",
                                      "Strategy": "Hashed",
                                      "Partial Mode": "Simple",
                                      "Parent Relationship": "Outer",
                                      "Parallel Aware": false,
                                      "Async Capable": false,
                                      "Startup Cost": 0.43,
                                      "Total Cost": 0.54,
                                      "Plan Rows": 11,
                                      "Plan Width": 16,
                                      "Actual Rows": 190,
                                      "Actual Loops": 1,
                                      "Group Key": ["learner_status.entry_id"],
                                      "Planned Partitions": 0,
                                      "HashAgg Batches": 1,
                                      "Peak Memory Usage": 48,
                                      "Disk Usage": 0,
                                      "Shared Hit Blocks": 0,
                                      "Shared Read Blocks": 0,
                                      "Shared Dirtied Blocks": 0,
                                      "Shared Written Blocks": 0,
                                      "Local Hit Blocks": 0,
                                      "Local Read Blocks": 0,
                                      "Local Dirtied Blocks": 0,
                                      "Local Written Blocks": 0,
                                      "Temp Read Blocks": 0,
                                      "Temp Written Blocks": 0,
                                      "Plans": [
                                        {
                                          "Node Type": "CTE Scan",
                                          "Parent Relationship": "Outer",
                                          "Parallel Aware": false,
                                          "Async Capable": false,
                                          "CTE Name": "learner_status",
                                          "Alias": "learner_status",
                                          "Startup Cost": 0.00,
                                          "Total Cost": 0.38,
                                          "Plan Rows": 19,
                                          "Plan Width": 16,
                                          "Actual Rows": 190,
                                          "Actual Loops": 1,
                                          "Shared Hit Blocks": 0,
                                          "Shared Read Blocks": 0,
                                          "Shared Dirtied Blocks": 0,
                                          "Shared Written Blocks": 0,
                                          "Local Hit Blocks": 0,
                                          "Local Read Blocks": 0,
                                          "Local Dirtied Blocks": 0,
                                          "Local Written Blocks": 0,
                                          "Temp Read Blocks": 0,
                                          "Temp Written Blocks": 0
                                        }
                                      ]
                                    }
                                  ]
                                }
                              ]
                            }
                          ]
                        },
                        {
                          "Node Type": "CTE Scan",
                          "Parent Relationship": "Outer",
                          "Parallel Aware": false,
                          "Async Capable": false,
                          "CTE Name": "cards",
                          "Alias": "cards",
                          "Startup Cost": 0.00,
                          "Total Cost": 493.42,
                          "Plan Rows": 24671,
                          "Plan Width": 59,
                          "Actual Rows": 4001,
                          "Actual Loops": 1,
                          "Shared Hit Blocks": 21754,
                          "Shared Read Blocks": 0,
                          "Shared Dirtied Blocks": 0,
                          "Shared Written Blocks": 0,
                          "Local Hit Blocks": 0,
                          "Local Read Blocks": 0,
                          "Local Dirtied Blocks": 0,
                          "Local Written Blocks": 0,
                          "Temp Read Blocks": 0,
                          "Temp Written Blocks": 0
                        }
                      ]
                    }
                  ]
                },
                {
                  "Node Type": "Subquery Scan",
                  "Parent Relationship": "Inner",
                  "Parallel Aware": false,
                  "Async Capable": false,
                  "Alias": "ranked",
                  "Startup Cost": 0.42,
                  "Total Cost": 302.67,
                  "Plan Rows": 5285,
                  "Plan Width": 96,
                  "Actual Rows": 2382,
                  "Actual Loops": 1,
                  "Filter": "(CASE WHEN (ranked.intrinsic_source = 'learning'::text) THEN 'learning'::text WHEN (ranked.intrinsic_source = 'review'::text) THEN 'review'::text WHEN (ranked.intrinsic_source = 'new'::text) THEN 'new'::text ELSE 'practice'::text END IS NOT NULL)",
                  "Rows Removed by Filter": 0,
                  "Shared Hit Blocks": 7032,
                  "Shared Read Blocks": 0,
                  "Shared Dirtied Blocks": 0,
                  "Shared Written Blocks": 0,
                  "Local Hit Blocks": 0,
                  "Local Read Blocks": 0,
                  "Local Dirtied Blocks": 0,
                  "Local Written Blocks": 0,
                  "Temp Read Blocks": 632,
                  "Temp Written Blocks": 316,
                  "Plans": [
                    {
                      "Node Type": "Hash Join",
                      "Parent Relationship": "Subquery",
                      "Parallel Aware": false,
                      "Async Capable": false,
                      "Join Type": "Left",
                      "Startup Cost": 0.42,
                      "Total Cost": 209.71,
                      "Plan Rows": 5312,
                      "Plan Width": 230,
                      "Actual Rows": 2382,
                      "Actual Loops": 1,
                      "Inner Unique": false,
                      "Hash Cond": "(eligible.entry_id = new_word_ranks.entry_id)",
                      "Shared Hit Blocks": 7032,
                      "Shared Read Blocks": 0,
                      "Shared Dirtied Blocks": 0,
                      "Shared Written Blocks": 0,
                      "Local Hit Blocks": 0,
                      "Local Read Blocks": 0,
                      "Local Dirtied Blocks": 0,
                      "Local Written Blocks": 0,
                      "Temp Read Blocks": 632,
                      "Temp Written Blocks": 316,
                      "Plans": [
                        {
                          "Node Type": "CTE Scan",
                          "Parent Relationship": "Outer",
                          "Parallel Aware": false,
                          "Async Capable": false,
                          "CTE Name": "eligible",
                          "Alias": "eligible",
                          "Startup Cost": 0.00,
                          "Total Cost": 106.24,
                          "Plan Rows": 5312,
                          "Plan Width": 96,
                          "Actual Rows": 2382,
                          "Actual Loops": 1,
                          "Shared Hit Blocks": 7032,
                          "Shared Read Blocks": 0,
                          "Shared Dirtied Blocks": 0,
                          "Shared Written Blocks": 0,
                          "Local Hit Blocks": 0,
                          "Local Read Blocks": 0,
                          "Local Dirtied Blocks": 0,
                          "Local Written Blocks": 0,
                          "Temp Read Blocks": 632,
                          "Temp Written Blocks": 316
                        },
                        {
                          "Node Type": "Hash",
                          "Parent Relationship": "Inner",
                          "Parallel Aware": false,
                          "Async Capable": false,
                          "Startup Cost": 0.26,
                          "Total Cost": 0.26,
                          "Plan Rows": 13,
                          "Plan Width": 16,
                          "Actual Rows": 2193,
                          "Actual Loops": 1,
                          "Hash Buckets": 4096,
                          "Original Hash Buckets": 1024,
                          "Hash Batches": 1,
                          "Original Hash Batches": 1,
                          "Peak Memory Usage": 135,
                          "Shared Hit Blocks": 0,
                          "Shared Read Blocks": 0,
                          "Shared Dirtied Blocks": 0,
                          "Shared Written Blocks": 0,
                          "Local Hit Blocks": 0,
                          "Local Read Blocks": 0,
                          "Local Dirtied Blocks": 0,
                          "Local Written Blocks": 0,
                          "Temp Read Blocks": 0,
                          "Temp Written Blocks": 0,
                          "Plans": [
                            {
                              "Node Type": "CTE Scan",
                              "Parent Relationship": "Outer",
                              "Parallel Aware": false,
                              "Async Capable": false,
                              "CTE Name": "new_word_ranks",
                              "Alias": "new_word_ranks",
                              "Startup Cost": 0.00,
                              "Total Cost": 0.26,
                              "Plan Rows": 13,
                              "Plan Width": 16,
                              "Actual Rows": 2193,
                              "Actual Loops": 1,
                              "Shared Hit Blocks": 0,
                              "Shared Read Blocks": 0,
                              "Shared Dirtied Blocks": 0,
                              "Shared Written Blocks": 0,
                              "Local Hit Blocks": 0,
                              "Local Read Blocks": 0,
                              "Local Dirtied Blocks": 0,
                              "Local Written Blocks": 0,
                              "Temp Read Blocks": 0,
                              "Temp Written Blocks": 0
                            }
                          ]
                        }
                      ]
                    }
                  ]
                }
              ]
            }
          ]
        }
      ]
    },
    "Planning": {
      "Shared Hit Blocks": 54,
      "Shared Read Blocks": 0,
      "Shared Dirtied Blocks": 0,
      "Shared Written Blocks": 0,
      "Local Hit Blocks": 0,
      "Local Read Blocks": 0,
      "Local Dirtied Blocks": 0,
      "Local Written Blocks": 0,
      "Temp Read Blocks": 0,
      "Temp Written Blocks": 0
    },
    "Planning Time": 16.117,
    "Triggers": [
    ],
    "Execution Time": 544.770
  }
]
